_id,description,name,photos,price,price_curr,specifications,url
61794cf037de024045317bc1,"['\n                ', '\n                    ', 'Описание', '\n                    ', '\n\n                        \n    ', '\n        ', 'Обувница Artmoon Labrador', ' — практичный аксессуар для прихожей. Компактная пятиярусная этажерка имеет функциональный дизайн. С ее помощью в прихожей всегда будет порядок. Материал легкой и устойчивой конструкции не боится влаги. Все элементы выполнены из стали, покрытой пластиком. Изготавливается в Китае.', '\n', 'Преимущества:', '\n', '\n', 'Компактный размер и небольшой вес — легко хранить в разобранном виде и транспортировать;', '\n', 'Устойчивая конструкция;', '\n', 'Нейтральный дизайн;', '\n', 'Реечная конструкция полок обеспечивает быстрое высыхание обуви;', '\n', 'Материал устойчив к влаге и загрязнениям, легко моется обычными средствами;', '\n', 'Быстро и легко собирается и разбирается без использования инструментов.', '\n', '\n\n    ', '\n\n                    ', '\n\n\n                    \n                    \n\n                    \n                ', '\n            ']","['Обувница Artmoon Labrador 42x19x79,5 см, 5 полок']","['https://res.cloudinary.com/lmru/image/upload/f_auto,q_auto,w_1200,h_1200,c_pad,b_white,d_photoiscoming.png/LMCode/18878612.jpg', 'https://res.cloudinary.com/lmru/image/upload/f_auto,q_auto,w_1200,h_1200,c_pad,b_white,d_photoiscoming.png/LMCode/18878612_01.jpg', 'https://res.cloudinary.com/lmru/image/upload/f_auto,q_auto,w_1200,h_1200,c_pad,b_white,d_photoiscoming.png/LMCode/18878612_02.jpg', 'https://res.cloudinary.com/lmru/image/upload/f_auto,q_auto,w_1200,h_1200,c_pad,b_white,d_photoiscoming.png/LMCode/18878612_03.jpg', 'https://res.cloudinary.com/lmru/image/upload/f_auto,q_auto,w_1200,h_1200,c_pad,b_white,d_photoiscoming.png/LMCode/18878612_04.jpg', 'https://res.cloudinary.com/lmru/image/upload/f_auto,q_auto,w_1200,h_1200,c_pad,b_white,d_photoiscoming.png/LMCode/18878612_i.jpg']",['512'],['₽'],"{'Вес, кг': '0.565', 'Страна производства': 'Китай', 'Модель продукта': 'Этажеркадляобуви', 'Ширина (см)': '42.0', 'Высота (см)': '79.5', 'Глубина (см)': '19.0', 'Цвет': 'Черный,Черный,серый', 'Марка': 'ARTMOON', 'Гарантия (лет)': '2', 'Цветовая палитра': 'Черный,Серый/Серебристый', 'Основной материал': 'Пластик', 'Покрытие': 'Гладкий', 'Тип упаковки': 'Термоусадочнаяупаковка', 'Тип продукта': 'Шкафдляобуви', 'Серия': 'Labrador', 'Назначение': 'Гостиная', 'Тип': 'Одинарнаяглубина', 'Вес товара в индивидуальной упаковке (кг)': '0.565', 'Ширина товара в индивидуальной упаковке (см)': '19.0', 'Высота товара в индивидуальной упаковке (см)': '80.0', 'Глубина товара в индивидуальной упаковке (см)': '2.5'}",https://leroymerlin.ru/product/obuvnica-artmoon-labrador-42x19x79-18878612/
61794cf437de024045317bc2,"['\n                ', '\n                    ', 'Описание', '\n                    ', '\n\n                        \n    ', '\n        ', 'Вешалка настенная', ' цвета «сонома» — стильное и полезное дополнение интерьера прихожей. Конструкция оснащена 6 крючками, расположенными в 2 ряда: на верхних удобно размещать одежду, на нижних — сумки. В верхней части вешалки расположена полочка для головных уборов. Три вертикальных панели, которые служат основой конструкции, защищают отделку стены от истирания. Вешалка размером 63×118×20 см крепится на стену. Изделие будет хорошо смотреться в сочетании с обувницей, стеллажом или другими предметами мебели такого же оттенка.', '\n\n    ', '\n\n                    ', '\n\n\n                    \n                    \n\n                    \n                ', '\n            ']","['Вешалка настенная 63x118x20 см, цвет дуб сонома']","['https://res.cloudinary.com/lmru/image/upload/f_auto,q_auto,w_1200,h_1200,c_pad,b_white,d_photoiscoming.png/LMCode/18160782.jpg', 'https://res.cloudinary.com/lmru/image/upload/f_auto,q_auto,w_1200,h_1200,c_pad,b_white,d_photoiscoming.png/LMCode/18160782_01.jpg', 'https://res.cloudinary.com/lmru/image/upload/f_auto,q_auto,w_1200,h_1200,c_pad,b_white,d_photoiscoming.png/LMCode/18160782_02.jpg', 'https://res.cloudinary.com/lmru/image/upload/f_auto,q_auto,w_1200,h_1200,c_pad,b_white,d_photoiscoming.png/LMCode/18160782_i.jpg', 'https://res.cloudinary.com/lmru/image/upload/f_auto,q_auto,w_1200,h_1200,c_pad,b_white,d_photoiscoming.png/LMCode/18160782_i_01.jpg', 'https://res.cloudinary.com/lmru/image/upload/f_auto,q_auto,w_1200,h_1200,c_pad,b_white,d_photoiscoming.png/LMCode/18160782_i_02.jpg', 'https://res.cloudinary.com/lmru/image/upload/f_auto,q_auto,w_1200,h_1200,c_pad,b_white,d_photoiscoming.png/LMCode/18160782_i_03.jpg', 'https://res.cloudinary.com/lmru/image/upload/f_auto,q_auto,w_1200,h_1200,c_pad,b_white,d_photoiscoming.png/LMCode/18160782_i_04.jpg', 'https://res.cloudinary.com/lmru/image/upload/f_auto,q_auto,w_1200,h_1200,c_pad,b_white,d_photoiscoming.png/LMCode/18160782_i_05.jpg', 'https://res.cloudinary.com/lmru/image/upload/f_auto,q_auto,w_1200,h_1200,c_pad,b_white,d_photoiscoming.png/LMCode/18160782_i_06.jpg', 'https://res.cloudinary.com/lmru/image/upload/f_auto,q_auto,w_1200,h_1200,c_pad,b_white,d_photoiscoming.png/LMCode/18160782_drw.jpg']",['2 984'],['₽'],"{'Габариты (ШхВхГ), см': '63.2×117.1×20.0', 'Тип продукта': 'Настеннаявешалка', 'Ширина (см)': '63.2', 'Высота (см)': '117.1', 'Глубина (см)': '20.0', 'Основной материал': 'ЛДСП', 'Материал крючка': 'Двухкомпонентный', 'Цвет крючка': 'Хром', 'Цветовая палитра': 'Бежевый', 'Количество крючков': '6', 'Гарантия (лет)': '2', 'Покрытие': 'Сатинированный', 'Тип упаковки': 'Картон', 'Страна производства': 'Россия', 'Вес товара в индивидуальной упаковке (кг)': '9.175', 'Ширина товара в индивидуальной упаковке (см)': '21.5', 'Высота товара в индивидуальной упаковке (см)': '8.5', 'Глубина товара в индивидуальной упаковке (см)': '118.5', 'Вес, кг': '9.175'}",https://leroymerlin.ru/product/veshalka-nastennaya-63x118x20-sm-18160782/
61794cfc37de024045317bc3,"['\n                ', '\n                    ', 'Описание', '\n                    ', '\n\n                        \n    ', '\n        ', 'Вешалка напольная', ' — телескопическая штанга для хранения одежды на плечиках. В таком виде вещи не мнутся и хорошо проветриваются. Конструкция изготовлена из стали, окрашена в черный цвет. Вешалка легко собирается и разбирается. Устанавливается на ровное основание. Изготовлена в Китае.', '\n', 'Преимущества модели', '\n', '\n', 'Оснащена надежными опорными ножками, опрокидывание маловероятно.', '\n', 'Легкая — вес всего 1,57 кг.', '\n', 'В разобранном виде компактно умещается в плоскую коробку.', '\n', 'Перекладина регулируется по высоте, что дает возможность пользоваться вешалкой и взрослым, и детям.', '\n', '\n\n    ', '\n\n                    ', '\n\n\n                    \n                    \n\n                    \n                ', '\n            ']","['Вешалка напольная, сталь, 89.5x43x93.5-163.5 см']","['https://res.cloudinary.com/lmru/image/upload/f_auto,q_auto,w_1200,h_1200,c_pad,b_white,d_photoiscoming.png/LMCode/81951188.jpg', 'https://res.cloudinary.com/lmru/image/upload/f_auto,q_auto,w_1200,h_1200,c_pad,b_white,d_photoiscoming.png/LMCode/81951188_01.jpg', 'https://res.cloudinary.com/lmru/image/upload/f_auto,q_auto,w_1200,h_1200,c_pad,b_white,d_photoiscoming.png/LMCode/81951188_02.jpg']",['901'],['₽'],"{'Телескопический': 'Да', 'Ширина (см)': '89.5', 'Высота (см)': '163.5', 'Глубина (см)': '43.0', 'Наличие колес': 'Нет', 'Цвет': 'Черный', 'Цветовая палитра': 'Черный', 'Основной материал': 'Металл', 'Тип продукта': 'Напольнаявешалка', 'Гарантия (лет)': '2', 'Страна производства': 'Китай', 'Тип упаковки': 'Коробка', 'Вес, кг': '1.86', 'Вес товара в индивидуальной упаковке (кг)': '1.86', 'Ширина товара в индивидуальной упаковке (см)': '17.1', 'Высота товара в индивидуальной упаковке (см)': '91', 'Глубина товара в индивидуальной упаковке (см)': '5.4'}",https://leroymerlin.ru/product/veshalka-napolnaya-81951188/
61794d0137de024045317bc4,"['\n                ', '\n                    ', 'Описание', '\n                    ', '\n\n                        \n    ', '\n        ', '\n', 'ИНСТРУКЦИЯ', ' ', '\n', 'ИНСТРУКЦИЯ', ' ', '\n', 'Каркас шкафа Лион гл.54,5 см Сонома', ' представляет собой часть мебельного изделия Шкаф Лион.', '\n', 'При комплектации полками, ящиками, дверьми, штангами становится полноценным мебельным изделием – шкафом.', '\nПредназначен для хранения одежды, головных уборов, белья, обуви, домашних принадлежностей.\nВысота шкафа позволяет многовариантное и многоцелевое использование наполнения: ящиков, полок, штанг для одежды.', '\n', 'Преимущества:', '\n', '\n', 'петли с доводчиком для плавного закрывания дверей в комплекте;', '\n', 'цвет «Дуб Сонома» – один из часто применяемых дизайнерами оттенков древесины;', '\n', 'в интерьере «Дуб Сонома» прекрасно сочетается с другими светлыми цветами, а также контрастирует с разнообразными яркими оттенками цветов. Замечательно комбинируется и с текстурами камня, металла, тканями;', '\n', 'используя разное количество полок, ящиков, штанг, а также несколько вариантов цветовых решений указанного наполнения (Белый, Дуб Сонома), а у Дверей (Белый Лак, Белый, Графит, Сонома Антик Вуд) можно создать свой собственный неповторимый шкаф;', '\n', 'возможность расширения пространства (визуально), применяя Дверь Лион с зеркалом;', '\n', 'удобные регулируемые опоры;', '\n', 'крепление к стене;', '\n', 'ручка безопасной округлой формы;', '\n', 'дополнительные петли для долгосрочной эксплуатации дверей;', '\n', 'простота сборки;', '\n', 'доступная цена.', '\n', '\n\n    ', '\n\n                    ', '\n\n\n                    \n                    \n\n                    \n                ', '\n            ']",['Каркас шкафа Лион 55x60x232 см цвет дуб сонома'],"['https://res.cloudinary.com/lmru/image/upload/f_auto,q_auto,w_1200,h_1200,c_pad,b_white,d_photoiscoming.png/LMCode/18662854.jpg', 'https://res.cloudinary.com/lmru/image/upload/f_auto,q_auto,w_1200,h_1200,c_pad,b_white,d_photoiscoming.png/LMCode/18662854_01.jpg', 'https://res.cloudinary.com/lmru/image/upload/f_auto,q_auto,w_1200,h_1200,c_pad,b_white,d_photoiscoming.png/LMCode/18662854_i.jpg', 'https://res.cloudinary.com/lmru/image/upload/f_auto,q_auto,w_1200,h_1200,c_pad,b_white,d_photoiscoming.png/LMCode/18662854_i_01.jpg', 'https://res.cloudinary.com/lmru/image/upload/f_auto,q_auto,w_1200,h_1200,c_pad,b_white,d_photoiscoming.png/LMCode/18662854_i_02.jpg', 'https://res.cloudinary.com/lmru/image/upload/f_auto,q_auto,w_1200,h_1200,c_pad,b_white,d_photoiscoming.png/LMCode/18662854_i_03.jpg', 'https://res.cloudinary.com/lmru/image/upload/f_auto,q_auto,w_1200,h_1200,c_pad,b_white,d_photoiscoming.png/LMCode/18662854_i_04.jpg', 'https://res.cloudinary.com/lmru/image/upload/f_auto,q_auto,w_1200,h_1200,c_pad,b_white,d_photoiscoming.png/LMCode/18662854_i_05.jpg', 'https://res.cloudinary.com/lmru/image/upload/f_auto,q_auto,w_1200,h_1200,c_pad,b_white,d_photoiscoming.png/LMCode/18662854_i_06.jpg', 'https://res.cloudinary.com/lmru/image/upload/f_auto,q_auto,w_1200,h_1200,c_pad,b_white,d_photoiscoming.png/LMCode/18662854_i_07.jpg', 'https://res.cloudinary.com/lmru/image/upload/f_auto,q_auto,w_1200,h_1200,c_pad,b_white,d_photoiscoming.png/LMCode/18662854_i_08.jpg']",['4 275'],['₽'],"{'Ширина (см)': '60', 'Высота (см)': '232.2', 'Глубина (см)': '54.5', 'Количество полок': '0,0', 'Основной материал': 'ЛДСП', 'Внешний материал': 'Финишпленка', 'Покрытие': 'Глянцевыйгладкий', 'Цветовая палитра': 'Бежевый', 'Цвет': 'Дубсонома', 'Тип монтажа': 'Дляустановки', 'Тип упаковки': 'Картон', 'Вес, кг': '39.725', 'Вес товара в индивидуальной упаковке (кг)': '39.725', 'Ширина товара в индивидуальной упаковке (см)': '62.3', 'Высота товара в индивидуальной упаковке (см)': '6', 'Глубина товара в индивидуальной упаковке (см)': '234.5', 'Страна производства': 'Россия', 'Гарантия (лет)': '2'}",https://leroymerlin.ru/product/karkas-shkafa-lion-55x60x232-sm-cvet-dub-sonoma-18662854/
61794d0d37de024045317bc5,"['\n                ', '\n                    ', 'Описание', '\n                    ', '\n\n                        \n    ', '\n        ', '\n', 'ИНСТРУКЦИЯ', ' ', '\n', 'Каркас шкафа Лион гл.41,7 см Сонома', ' представляет собой часть мебельного изделия Шкаф Лион.', '\n', 'При комплектации полками, ящиками, дверьми, штангами становится полноценным мебельным изделием – шкафом.', '\nПредназначен для хранения одежды, головных уборов, белья, обуви, домашних принадлежностей.\nВысота шкафа позволяет многовариантное и многоцелевое использование наполнения: ящиков, полок, штанг для одежды.', '\n', 'Преимущества:', '\n', '\n', 'петли с доводчиком для плавного закрывания дверей в комплекте;', '\n', 'цвет «Дуб Сонома» – один из часто применяемых дизайнерами оттенков древесины;', '\n', 'в интерьере «Дуб Сонома» прекрасно сочетается с другими светлыми цветами, а также контрастирует с разнообразными яркими оттенками цветов. Замечательно комбинируется и с текстурами камня, металла, тканями;', '\n', 'используя разное количество полок, ящиков, штанг, а также несколько вариантов цветовых решений указанного наполнения (Белый, Дуб Сонома), а у Дверей (Белый Лак, Белый, Графит, Сонома Антик Вуд) можно создать свой собственный неповторимый шкаф;', '\n', 'небольшая глубина шкафа позволяет ему быть функциональным и размещать его в узких прихожих, коридорах;', '\n', 'возможность расширения пространства (визуально), применяя Дверь Лион с зеркалом;', '\n', 'удобные регулируемые опоры;', '\n', 'крепление к стене;', '\n', 'ручка безопасной округлой формы;', '\n', 'дополнительные петли для долгосрочной эксплуатации дверей;', '\n', 'простота сборки;', '\n', 'доступная цена.', '\n', '\n\n    ', '\n\n                    ', '\n\n\n                    \n                    \n\n                    \n                ', '\n            ']",['Каркас шкафа Лион 42x60x232 см цвет дуб сонома'],"['https://res.cloudinary.com/lmru/image/upload/f_auto,q_auto,w_1200,h_1200,c_pad,b_white,d_photoiscoming.png/LMCode/18662862.jpg', 'https://res.cloudinary.com/lmru/image/upload/f_auto,q_auto,w_1200,h_1200,c_pad,b_white,d_photoiscoming.png/LMCode/18662862_02.jpg', 'https://res.cloudinary.com/lmru/image/upload/f_auto,q_auto,w_1200,h_1200,c_pad,b_white,d_photoiscoming.png/LMCode/18662862_i.jpg', 'https://res.cloudinary.com/lmru/image/upload/f_auto,q_auto,w_1200,h_1200,c_pad,b_white,d_photoiscoming.png/LMCode/18662862_i_01.jpg', 'https://res.cloudinary.com/lmru/image/upload/f_auto,q_auto,w_1200,h_1200,c_pad,b_white,d_photoiscoming.png/LMCode/18662862_i_02.jpg', 'https://res.cloudinary.com/lmru/image/upload/f_auto,q_auto,w_1200,h_1200,c_pad,b_white,d_photoiscoming.png/LMCode/18662862_i_03.jpg', 'https://res.cloudinary.com/lmru/image/upload/f_auto,q_auto,w_1200,h_1200,c_pad,b_white,d_photoiscoming.png/LMCode/18662862_i_04.jpg', 'https://res.cloudinary.com/lmru/image/upload/f_auto,q_auto,w_1200,h_1200,c_pad,b_white,d_photoiscoming.png/LMCode/18662862_i_05.jpg', 'https://res.cloudinary.com/lmru/image/upload/f_auto,q_auto,w_1200,h_1200,c_pad,b_white,d_photoiscoming.png/LMCode/18662862_i_06.jpg', 'https://res.cloudinary.com/lmru/image/upload/f_auto,q_auto,w_1200,h_1200,c_pad,b_white,d_photoiscoming.png/LMCode/18662862_i1p.jpg']",['4 200'],['₽'],"{'Ширина (см)': '60', 'Высота (см)': '232.2', 'Глубина (см)': '41.7', 'Количество полок': '0,0', 'Основной материал': 'ЛДСП', 'Внешний материал': 'Финишпленка', 'Покрытие': 'Глянцевыйгладкий', 'Цветовая палитра': 'Бежевый', 'Цвет': 'Дубсонома', 'Тип монтажа': 'Дляустановки', 'Тип упаковки': 'Картон', 'Вес, кг': '33.6', 'Вес товара в индивидуальной упаковке (кг)': '33.6', 'Ширина товара в индивидуальной упаковке (см)': '50', 'Высота товара в индивидуальной упаковке (см)': '6', 'Глубина товара в индивидуальной упаковке (см)': '234.5', 'Страна производства': 'Россия', 'Гарантия (лет)': '2'}",https://leroymerlin.ru/product/karkas-shkafa-lion-42x60x232-sm-cvet-dub-sonoma-18662862/
61794d1437de024045317bc6,"['\n                ', '\n                    ', 'Описание', '\n                    ', '\n\n                        \n    ', '\n        ', 'Комод', ' — функциональный предмет мебели с тремя выдвижными ящиками. Изготовлен из ДСП с покрытием из ПВХ белого цвета. Комод подойдет для хранения одежды, белья и аксессуаров, предметов рукоделия, канцтоваров. На верхней части можно разместить книги или сувениры, цветы, предметы интерьера и декора. Благодаря нейтральному дизайну модель хорошо сочетается с другой корпусной мебелью, подойдет для любой комнаты — гостиной, спальни, детской, прихожей.', '\n', 'Особенности модели', '\n', '\n', 'Фасад закрытый, нижняя часть комода дополнена цокольной планкой, предотвращающей попадание под мебель пыли, мусора, упавших на пол предметов.', '\n', 'Все выдвижные ящики оборудованы удобными выгнутыми ручками и направляющими из прочного и долговечного металла.', '\n', 'Размер комода — 68,5x80x39,4 см, внутренние размеры выдвижного ящика — 32,4x59,1x14,3 см. Высота передней части ящика — 24 см.', '\n', 'Изделие предназначено для самостоятельной сборки.', '\n', '\n\n    ', '\n\n                    ', '\n\n\n                    \n                    \n\n                    \n                ', '\n            ']","['Комод 3 ящика, 68.5x80x39.4 см, цвет белый']","['https://res.cloudinary.com/lmru/image/upload/f_auto,q_auto,w_1200,h_1200,c_pad,b_white,d_photoiscoming.png/LMCode/82034310.jpg', 'https://res.cloudinary.com/lmru/image/upload/f_auto,q_auto,w_1200,h_1200,c_pad,b_white,d_photoiscoming.png/LMCode/82034310_01.jpg', 'https://res.cloudinary.com/lmru/image/upload/f_auto,q_auto,w_1200,h_1200,c_pad,b_white,d_photoiscoming.png/LMCode/82034310_02.jpg', 'https://res.cloudinary.com/lmru/image/upload/f_auto,q_auto,w_1200,h_1200,c_pad,b_white,d_photoiscoming.png/LMCode/82034310_03.jpg', 'https://res.cloudinary.com/lmru/image/upload/f_auto,q_auto,w_1200,h_1200,c_pad,b_white,d_photoiscoming.png/LMCode/82034310_04.jpg', 'https://res.cloudinary.com/lmru/image/upload/f_auto,q_auto,w_1200,h_1200,c_pad,b_white,d_photoiscoming.png/LMCode/82034310_i.jpg', 'https://res.cloudinary.com/lmru/image/upload/f_auto,q_auto,w_1200,h_1200,c_pad,b_white,d_photoiscoming.png/LMCode/82034310_i_01.jpg', 'https://res.cloudinary.com/lmru/image/upload/f_auto,q_auto,w_1200,h_1200,c_pad,b_white,d_photoiscoming.png/LMCode/82034310_drw.jpg']",['4 991'],['₽'],"{'Вес, кг': '28.486', 'Страна производства': 'Россия', 'Ширина (см)': '68.5', 'Высота (см)': '80.0', 'Глубина (см)': '39.4', 'Цветовая палитра': 'Белый', 'Основной материал': 'ЛДСП', 'Тип упаковки': 'Картон', 'Тип продукта': 'Комод', 'Модель продукта': 'КомодЛДСП', 'Вид упаковки': 'Установленный', 'Материал дна ящика': 'ДСП', 'Цвет': 'Белый', 'Внутренняя ширина (см)': '59.1', 'Плавное закрывание': 'Нет', 'Гарантия (лет)': '2', 'Внутренняя глубина (см)': '32.4', 'Внешний материал': 'ПВХ', 'Вес товара в индивидуальной упаковке (кг)': '28.486', 'Ширина товара в индивидуальной упаковке (см)': '41.1', 'Высота товара в индивидуальной упаковке (см)': '18.4', 'Глубина товара в индивидуальной упаковке (см)': '80.3'}",https://leroymerlin.ru/product/komod-3-yashchika-82034310/
61794d1737de024045317bc7,"['\n                ', '\n                    ', 'Описание', '\n                    ', '\n\n                        \n    ', '\n        ', 'Стеллаж «Кабуки»', ' позволит рационально использовать свободную площадь и организовать удобное место для хранения вещей в гостиной и спальне, на кухне и в столовой, в коридоре и прихожей. Высота изделия 201 см, ширина и глубина — 60 см и 28 см соответственно. Благодаря наличию 5 перемещаемых полок внутреннее пространство стеллажа легко подстроить под собственные нужды. Максимальная нагрузка на полку 12 кг — можно без опасений ставить достаточно тяжелые предметы.', '\n', 'Особенности модели', '\n', '\n', 'Конструкция с задней стенкой.', '\n', 'Основной материал — ЛДСП — устойчив к механическим воздействиям, отличается высокими декоративными свойствами.', '\n', 'Цвет поверхности — белый — будет отлично смотреться в любом интерьере.', '\n', '\n\n    ', '\n\n                    ', '\n\n\n                    \n                    \n\n                    \n                ', '\n            ']","['Стеллаж Кабуки 60x201x28 см, ЛДСП, цвет белый']","['https://res.cloudinary.com/lmru/image/upload/f_auto,q_auto,w_1200,h_1200,c_pad,b_white,d_photoiscoming.png/LMCode/17786492.jpg', 'https://res.cloudinary.com/lmru/image/upload/f_auto,q_auto,w_1200,h_1200,c_pad,b_white,d_photoiscoming.png/LMCode/17786492_01.jpg', 'https://res.cloudinary.com/lmru/image/upload/f_auto,q_auto,w_1200,h_1200,c_pad,b_white,d_photoiscoming.png/LMCode/17786492_02.jpg', 'https://res.cloudinary.com/lmru/image/upload/f_auto,q_auto,w_1200,h_1200,c_pad,b_white,d_photoiscoming.png/LMCode/17786492_i.jpg', 'https://res.cloudinary.com/lmru/image/upload/f_auto,q_auto,w_1200,h_1200,c_pad,b_white,d_photoiscoming.png/LMCode/17786492_i_01.jpg', 'https://res.cloudinary.com/lmru/image/upload/f_auto,q_auto,w_1200,h_1200,c_pad,b_white,d_photoiscoming.png/LMCode/17786492_i_02.jpg', 'https://res.cloudinary.com/lmru/image/upload/f_auto,q_auto,w_1200,h_1200,c_pad,b_white,d_photoiscoming.png/LMCode/17786492_drw.jpg']",['3 994'],['₽'],"{'Вес, кг': '29.5', 'Страна производства': 'Россия', 'Ширина (см)': '59.4', 'Высота (см)': '201.0', 'Глубина (см)': '28.2', 'Назначение': 'Гостиная,Спальня,Офис,Гардеробная', 'Максимальная нагрузка на полку (кг)': '24', 'Количество перемещаемых полок': '5', 'Цвет': 'Белый', 'Гарантия (лет)': '0', 'Цветовая палитра': 'Белый', 'Основной материал': 'ЛДСП', 'Покрытие': 'Гладкий', 'Тип упаковки': 'Картон', 'Тип продукта': 'Стеллажсполками', 'Модель продукта': 'КнижныйстеллажКабуки', 'Внешний материал': 'Финишпленка', 'Вес товара в индивидуальной упаковке (кг)': '29.5', 'Ширина товара в индивидуальной упаковке (см)': '30.5', 'Высота товара в индивидуальной упаковке (см)': '9', 'Глубина товара в индивидуальной упаковке (см)': '203'}",https://leroymerlin.ru/product/stellazh-kabuki-60x201x28-sm-17786492/
61794d1b37de024045317bc8,[],"['Напольная вешалка на колесах Spaceo, 86.3x101x52 см, сталь, цвет серый']","['https://res.cloudinary.com/lmru/image/upload/f_auto,q_auto,w_1200,h_1200,c_pad,b_white,d_photoiscoming.png/LMCode/82757919.jpg', 'https://res.cloudinary.com/lmru/image/upload/f_auto,q_auto,w_1200,h_1200,c_pad,b_white,d_photoiscoming.png/LMCode/82757919_01.jpg', 'https://res.cloudinary.com/lmru/image/upload/f_auto,q_auto,w_1200,h_1200,c_pad,b_white,d_photoiscoming.png/LMCode/82757919_02.jpg', 'https://res.cloudinary.com/lmru/image/upload/f_auto,q_auto,w_1200,h_1200,c_pad,b_white,d_photoiscoming.png/LMCode/82757919_03.jpg', 'https://res.cloudinary.com/lmru/image/upload/f_auto,q_auto,w_1200,h_1200,c_pad,b_white,d_photoiscoming.png/LMCode/82757919_04.jpg', 'https://res.cloudinary.com/lmru/image/upload/f_auto,q_auto,w_1200,h_1200,c_pad,b_white,d_photoiscoming.png/LMCode/82757919_05.jpg', 'https://res.cloudinary.com/lmru/image/upload/f_auto,q_auto,w_1200,h_1200,c_pad,b_white,d_photoiscoming.png/LMCode/82757919_06.jpg', 'https://res.cloudinary.com/lmru/image/upload/f_auto,q_auto,w_1200,h_1200,c_pad,b_white,d_photoiscoming.png/LMCode/82757919_07.jpg', 'https://res.cloudinary.com/lmru/image/upload/f_auto,q_auto,w_1200,h_1200,c_pad,b_white,d_photoiscoming.png/LMCode/82757919_08.jpg', 'https://res.cloudinary.com/lmru/image/upload/f_auto,q_auto,w_1200,h_1200,c_pad,b_white,d_photoiscoming.png/LMCode/82757919_09.jpg', 'https://res.cloudinary.com/lmru/image/upload/f_auto,q_auto,w_1200,h_1200,c_pad,b_white,d_photoiscoming.png/LMCode/82757919_10.jpg', 'https://res.cloudinary.com/lmru/image/upload/f_auto,q_auto,w_1200,h_1200,c_pad,b_white,d_photoiscoming.png/LMCode/82757919_11.jpg', 'https://res.cloudinary.com/lmru/image/upload/f_auto,q_auto,w_1200,h_1200,c_pad,b_white,d_photoiscoming.png/LMCode/82757919_12.jpg', 'https://res.cloudinary.com/lmru/image/upload/f_auto,q_auto,w_1200,h_1200,c_pad,b_white,d_photoiscoming.png/LMCode/82757919_14.jpg', 'https://res.cloudinary.com/lmru/image/upload/f_auto,q_auto,w_1200,h_1200,c_pad,b_white,d_photoiscoming.png/LMCode/82757919_15.jpg', 'https://res.cloudinary.com/lmru/image/upload/f_auto,q_auto,w_1200,h_1200,c_pad,b_white,d_photoiscoming.png/LMCode/82757919_18.jpg', 'https://res.cloudinary.com/lmru/image/upload/f_auto,q_auto,w_1200,h_1200,c_pad,b_white,d_photoiscoming.png/LMCode/82757919_i.jpg', 'https://res.cloudinary.com/lmru/image/upload/f_auto,q_auto,w_1200,h_1200,c_pad,b_white,d_photoiscoming.png/LMCode/82757919_i_02.jpg', 'https://res.cloudinary.com/lmru/image/upload/f_auto,q_auto,w_1200,h_1200,c_pad,b_white,d_photoiscoming.png/LMCode/82757919_i_04.jpg', 'https://res.cloudinary.com/lmru/image/upload/f_auto,q_auto,w_1200,h_1200,c_pad,b_white,d_photoiscoming.png/LMCode/82757919_drw.jpg', 'https://res.cloudinary.com/lmru/image/upload/f_auto,q_auto,w_1200,h_1200,c_pad,b_white,d_photoiscoming.png/LMCode/82757919_tag.jpg']",['1 395'],['₽'],"{'Телескопический': 'Да', 'Ширина (см)': '86.3', 'Высота (см)': '101', 'Глубина (см)': '51', 'Наличие колес': 'Да', 'Цвет': 'Серый', 'Цветовая палитра': 'Черный', 'Основной материал': 'Металл', 'Тип продукта': 'Напольнаявешалка', 'Марка': 'SPACEO', 'Гарантия (лет)': '5', 'Страна производства': 'Китай', 'Тип упаковки': 'Коробка', 'Вес, кг': '2.84', 'Вес товара в индивидуальной упаковке (кг)': '2.84', 'Ширина товара в индивидуальной упаковке (см)': '15.2', 'Высота товара в индивидуальной упаковке (см)': '85.6', 'Глубина товара в индивидуальной упаковке (см)': '10.5'}",https://leroymerlin.ru/product/napolnaya-veshalka-na-kolesah-spaceo-82757919/
61794d1f37de024045317bc9,"['\n                ', '\n                    ', 'Описание', '\n                    ', '\n\n                        \n    ', '\n        ', 'Стеллаж шириной 80 см - красивое и функциональное изделие, которое станет украшением интерьера вашего дома или квартиры. Это вместительная конструкция с шестью секциями, предназначенная для хранения книг и всевозможных мелочей. Благодаря вместительности и одновременно компактности позволит сэкономить свободное пространство в комнате или коридоре. Стеллаж изготовлен из высококачественной ЛДСП, цвет - сонома.', '\n', 'Преимущества:', '\n', '\n', 'возможность переставлять полки;', '\n', 'лёгкий уход;', '\n', 'стойкость материала к влаге, температурным перепадам и ультрафиолетовым лучам;', '\n', 'лояльная цена.', '\n', '\n', 'Инструкция по сборке', '\n\n    ', '\n\n                    ', '\n\n\n                    \n                    \n\n                    \n                ', '\n            ']","['Стеллаж Кабуки 80x201x28 см, ЛДСП, цвет дуб сонома']","['https://res.cloudinary.com/lmru/image/upload/f_auto,q_auto,w_1200,h_1200,c_pad,b_white,d_photoiscoming.png/LMCode/18142883.jpg', 'https://res.cloudinary.com/lmru/image/upload/f_auto,q_auto,w_1200,h_1200,c_pad,b_white,d_photoiscoming.png/LMCode/18142883_01.jpg', 'https://res.cloudinary.com/lmru/image/upload/f_auto,q_auto,w_1200,h_1200,c_pad,b_white,d_photoiscoming.png/LMCode/18142883_02.jpg', 'https://res.cloudinary.com/lmru/image/upload/f_auto,q_auto,w_1200,h_1200,c_pad,b_white,d_photoiscoming.png/LMCode/18142883_03.jpg', 'https://res.cloudinary.com/lmru/image/upload/f_auto,q_auto,w_1200,h_1200,c_pad,b_white,d_photoiscoming.png/LMCode/18142883_i.jpg', 'https://res.cloudinary.com/lmru/image/upload/f_auto,q_auto,w_1200,h_1200,c_pad,b_white,d_photoiscoming.png/LMCode/18142883_i_01.jpg', 'https://res.cloudinary.com/lmru/image/upload/f_auto,q_auto,w_1200,h_1200,c_pad,b_white,d_photoiscoming.png/LMCode/18142883_drw.jpg']",['4 988'],['₽'],"{'Вес, кг': '35.5', 'Страна производства': 'Россия', 'Ширина (см)': '79.4', 'Высота (см)': '201.0', 'Глубина (см)': '28.2', 'Назначение': 'Гостиная,Спальня,Офис,Гардеробная', 'Максимальная нагрузка на полку (кг)': '34', 'Количество перемещаемых полок': '5', 'Цвет': 'Дубсонома', 'Гарантия (лет)': '2', 'Цветовая палитра': 'Бежевый', 'Основной материал': 'ЛДСП', 'Покрытие': 'Гладкий', 'Эффект': 'Дерево', 'Тип древесины': 'ПлитаДСП', 'Тип упаковки': 'Картон', 'Тип продукта': 'Стеллажсполками', 'Модель продукта': 'КнижныйстеллажКабуки', 'Тип двери': 'Отсутствует', 'Тип монтажа': 'Дляустановки', 'Тип открывания': 'Отсутствует', 'Крепеж в комплекте': 'Да', 'Материал рукоятки': 'Отсутствует', 'Внешний материал': 'Финишпленка', 'Вес товара в индивидуальной упаковке (кг)': '35.5', 'Ширина товара в индивидуальной упаковке (см)': '29.0', 'Высота товара в индивидуальной упаковке (см)': '11.0', 'Глубина товара в индивидуальной упаковке (см)': '203.7'}",https://leroymerlin.ru/product/stellazh-kabuki-80x201x28-sm-18142883/
61794d2937de024045317bca,"['\n                ', '\n                    ', 'Описание', '\n                    ', '\n\n                        \n    ', '\n        ', 'Стеллаж', ' — практичный предмет мебели для организации рабочего места и оформления интерьера жилой комнаты (спальни, гостиной, детской). Конструкция разделена на 25 секций, задняя стенка и дверцы отсутствуют. Стеллаж изготовлен из ЛДСП — прочного и простого в эксплуатации материала. Покрытие — гладкая меламиновая пленка, защищающая мебель от влаги и механических повреждений. Крепеж для фиксации мебели представлен в комплекте. Размер корпуса — 170,8x170,8x31,5 см, цвет — белый.', '\n', 'Стеллаж подойдет для установки вдоль стены, возле дверного проема, в нише подходящего размера, в качестве зонирующей перегородки. Может использоваться для хранения домашней библиотеки, игрушек, предметов интерьера и сувениров, фоторамок, статуэток, для размещения цветочных горшков. В ячейках органично разместятся корзины, кофры и органайзеры. Максимальная нагрузка на полку составляет 84 кг.', '\n', 'Преимущества открытого стеллажа', '\n', '\n', 'Содержимое полочек легко просматривается и извлекается.', '\n', 'Конструкция не загромождает и не утяжеляет интерьер.', '\n', 'Комфортная уборка секций.', '\n', 'Разделение пространства на зоны.', '\n', 'Не препятствует проникновению света.', '\n', '\n\n    ', '\n\n                    ', '\n\n\n                    \n                    \n\n                    \n                ', '\n            ']","['Стеллаж 25 секций 170,8x170,8x31 см, ЛДСП, цвет белый']","['https://res.cloudinary.com/lmru/image/upload/f_auto,q_auto,w_1200,h_1200,c_pad,b_white,d_photoiscoming.png/LMCode/18534166.jpg', 'https://res.cloudinary.com/lmru/image/upload/f_auto,q_auto,w_1200,h_1200,c_pad,b_white,d_photoiscoming.png/LMCode/18534166_01.jpg', 'https://res.cloudinary.com/lmru/image/upload/f_auto,q_auto,w_1200,h_1200,c_pad,b_white,d_photoiscoming.png/LMCode/18534166_02.jpg', 'https://res.cloudinary.com/lmru/image/upload/f_auto,q_auto,w_1200,h_1200,c_pad,b_white,d_photoiscoming.png/LMCode/18534166_03.jpg', 'https://res.cloudinary.com/lmru/image/upload/f_auto,q_auto,w_1200,h_1200,c_pad,b_white,d_photoiscoming.png/LMCode/18534166_04.jpg', 'https://res.cloudinary.com/lmru/image/upload/f_auto,q_auto,w_1200,h_1200,c_pad,b_white,d_photoiscoming.png/LMCode/18534166_05.jpg', 'https://res.cloudinary.com/lmru/image/upload/f_auto,q_auto,w_1200,h_1200,c_pad,b_white,d_photoiscoming.png/LMCode/18534166_06.jpg', 'https://res.cloudinary.com/lmru/image/upload/f_auto,q_auto,w_1200,h_1200,c_pad,b_white,d_photoiscoming.png/LMCode/18534166_i.jpg', 'https://res.cloudinary.com/lmru/image/upload/f_auto,q_auto,w_1200,h_1200,c_pad,b_white,d_photoiscoming.png/LMCode/18534166_i_01.jpg', 'https://res.cloudinary.com/lmru/image/upload/f_auto,q_auto,w_1200,h_1200,c_pad,b_white,d_photoiscoming.png/LMCode/18534166_i_02.jpg']",['7 920'],['₽'],"{'Вес, кг': '79.5', 'Страна производства': 'Россия', 'Ширина (см)': '170.8', 'Высота (см)': '170.8', 'Глубина (см)': '31.5', 'Назначение': 'Гостиная,Спальня,Офис,Гардеробная', 'Максимальная нагрузка на полку (кг)': '84', 'Цвет': 'Белый', 'Гарантия (лет)': '2', 'Цветовая палитра': 'Белый', 'Основной материал': 'ЛДСП', 'Тип упаковки': 'Картон', 'Тип продукта': 'Стеллажссекциями', 'Модель продукта': 'Стеллажсекционный', 'Крепеж в комплекте': 'Да', 'Вес товара в индивидуальной упаковке (кг)': '79.5', 'Ширина товара в индивидуальной упаковке (см)': '33.1', 'Высота товара в индивидуальной упаковке (см)': '12.1', 'Глубина товара в индивидуальной упаковке (см)': '139.3'}",https://leroymerlin.ru/product/stellazh-25-sekciy-170-18534166/
61794d2b37de024045317bcb,"['\n                ', '\n                    ', 'Описание', '\n                    ', '\n\n                        \n    ', '\n        ', '\xa0', '\n', 'Подстолье для рабочей поверхности Лофт', ' — важный функциональный элемент, определяющий внешний вид и надежность конструкции. Имеет устойчивую прямоугольную форму. Винтовое крепление обеспечивает надежность и долговечность фиксации. Подстолье выполнено из стали, рассчитано на нагрузку в 40 кг. Страна-производитель — Россия.', '\n', 'В комплект входит 1 подстолье. Для создания стола необходимо приобрести 2 подстолья.', '\n', 'Внимание!', ' Подстолья крепятся на саморезы, не использовать со стеклянными столешницами.', '\n\n    ', '\n\n                    ', '\n\n\n                    \n                    \n\n                    \n                ', '\n            ']","['Подстолье для рабочей поверхности Лофт 850 мм, цвет чёрный']","['https://res.cloudinary.com/lmru/image/upload/f_auto,q_auto,w_1200,h_1200,c_pad,b_white,d_photoiscoming.png/LMCode/82066740.jpg', 'https://res.cloudinary.com/lmru/image/upload/f_auto,q_auto,w_1200,h_1200,c_pad,b_white,d_photoiscoming.png/LMCode/82066740_01.jpg', 'https://res.cloudinary.com/lmru/image/upload/f_auto,q_auto,w_1200,h_1200,c_pad,b_white,d_photoiscoming.png/LMCode/82066740_02.jpg', 'https://res.cloudinary.com/lmru/image/upload/f_auto,q_auto,w_1200,h_1200,c_pad,b_white,d_photoiscoming.png/LMCode/82066740_03.jpg', 'https://res.cloudinary.com/lmru/image/upload/f_auto,q_auto,w_1200,h_1200,c_pad,b_white,d_photoiscoming.png/LMCode/82066740_i.jpg', 'https://res.cloudinary.com/lmru/image/upload/f_auto,q_auto,w_1200,h_1200,c_pad,b_white,d_photoiscoming.png/LMCode/82066740_i_01.jpg', 'https://res.cloudinary.com/lmru/image/upload/f_auto,q_auto,w_1200,h_1200,c_pad,b_white,d_photoiscoming.png/LMCode/82066740_drw.jpg']",['1 518'],['₽'],"{'Тип продукта': 'Регулируемыеопоры', 'Страна производства': 'Россия', 'Гарантия (лет)': '5', 'Высота (см)': '85.0', 'Регулируемый': 'Нет', 'Глубина (см)': '10.0', 'Диаметр (мм)': '0', 'Ширина (мм)': '55.0', 'Максимальная нагрузка (кг)': '70.0', 'Нагрузка на ножку (кг)': '70.0', 'Вес, кг': '4.251', 'Назначение': 'Длямебели,столовибаров', 'Форма': 'Прямоугольник', 'Количество в наборе': '1', 'Цвет': 'Черный', 'Тип монтажа': 'Свинтовымкреплением,Ударный', 'Материал основы': 'Сталь', 'Цветовая палитра': 'Черный', 'Основной материал': 'Сталь', 'Материал ножки': 'Сталь', 'Вес товара в индивидуальной упаковке (кг)': '4.251', 'Ширина товара в индивидуальной упаковке (см)': '54.5', 'Высота товара в индивидуальной упаковке (см)': '10.1', 'Глубина товара в индивидуальной упаковке (см)': '85.1'}",https://leroymerlin.ru/product/podstole-dlya-rabochey-poverhnosti-loft-850-mm-82066740/
61794d3637de024045317bcc,"['\n                ', '\n                    ', 'Описание', '\n                    ', '\n\n                        \n    ', '\n        ', '\n', 'Скачать документы сертификации', '\n', '\n', 'Стеллаж «Куб»', ' на 12 секций предназначен для организации хранения в спальне, гостиной, детской, домашнем кабинете. Возможны два варианта установки: на пол (при желании можно приобрести ножки) или на стену. При напольной установке стеллаж может использоваться в качестве перегородки для зонирования. Изготовлен из ламинированной ДСП толщиной 16 мм с гладким покрытием. Цвет — «дуб». Ширина — 104,9 см, высота — 139,3 см, глубина — 31,7 см. Страна производства — Россия.', '\n', 'Особенности стеллажа', '\n', '\n', 'Каждую секцию можно разделить пополам, установив дополнительную полку. Для этого в стенках предусмотрены отверстия.', '\n', 'Для заполнения полок и удобного хранения вещей, одежды, мелких предметов, игрушек можно использовать ящики, корзины и короба подходящего размера и цвета.', '\n', 'Для организации скрытого хранения на отдельные секции можно установить дверцы-фасады.', '\n', 'Если отверстия под дополнительные полки использоваться не будут, их можно легко закрыть стандартными мебельными заглушками или специальными наклейками в тон покрытию.', '\n', 'Крепеж для самостоятельной сборки входит в комплект.', '\n', 'Максимальная нагрузка на каждую полку стеллажа — 5 кг.', '\n', '\n\n    ', '\n\n                    ', '\n\n\n                    \n                    \n\n                    ', '\n                        ', '\n                            ', '\n                                ', '\n                                    ', '\n                                    ', '\n\n                                    ', '\n                                ', '\n\n\n                                ', 'Все товары марки SPACEO', '\n\n                            ', '\n\n                        ', '\n                    ', '\n                ', '\n            ']","['Стеллаж SPACEO KUB 12 секций 105х139х32 см, ЛДСП, цвет дуб']","['https://res.cloudinary.com/lmru/image/upload/f_auto,q_auto,w_1200,h_1200,c_pad,b_white,d_photoiscoming.png/LMCode/82731873.jpg', 'https://res.cloudinary.com/lmru/image/upload/f_auto,q_auto,w_1200,h_1200,c_pad,b_white,d_photoiscoming.png/LMCode/82731873_01.jpg', 'https://res.cloudinary.com/lmru/image/upload/f_auto,q_auto,w_1200,h_1200,c_pad,b_white,d_photoiscoming.png/LMCode/82731873_02.jpg', 'https://res.cloudinary.com/lmru/image/upload/f_auto,q_auto,w_1200,h_1200,c_pad,b_white,d_photoiscoming.png/LMCode/82731873_03.jpg', 'https://res.cloudinary.com/lmru/image/upload/f_auto,q_auto,w_1200,h_1200,c_pad,b_white,d_photoiscoming.png/LMCode/82731873_05.jpg']",['5 796'],['₽'],"{'Вес, кг': '35.51', 'Страна производства': 'Россия', 'Ширина (см)': '139.0', 'Высота (см)': '105.0', 'Глубина (см)': '32.0', 'Назначение': 'Спальня', 'Максимальная нагрузка на полку (кг)': '5', 'Количество перемещаемых полок': '0', 'Цвет': 'Дуб', 'Марка': 'SPACEO', 'Гарантия (лет)': '2', 'Цветовая палитра': 'Коричневый', 'Основной материал': 'ЛДСП', 'Покрытие': 'Гладкий', 'Эффект': 'Дерево', 'Тип древесины': 'ПлитаДСП', 'Тип упаковки': 'Картон', 'Тип продукта': 'Стеллажссекциями', 'Модель продукта': 'Стеллажсекционный', 'Тип монтажа': 'Дляустановки,Подвесной', 'Состав комплекта': 'Стенкабоковая,Стенкагоризонтальная-3,Пакетфурнитуры', 'Крепеж в комплекте': 'Да', 'Вес товара в индивидуальной упаковке (кг)': '35.51', 'Ширина товара в индивидуальной упаковке (см)': '33', 'Высота товара в индивидуальной упаковке (см)': '145', 'Глубина товара в индивидуальной упаковке (см)': '13.5'}",https://leroymerlin.ru/product/stellazh-spaceo-kub-12-sekciy-105h139h32-sm-82731873/
61794d4137de024045317bcd,"['\n                ', '\n                    ', 'Описание', '\n                    ', '\n\n                        \n    ', '\n        ', '\n', 'Скачать документы сертификации', '\n', '\n', 'Стеллаж «Куб»', ' на 6 секций — это основной элемент модульной системы хранения. Для максимально эффективного использования внутреннего объема может быть дополнен выдвижными ящиками, коробами, дополнительными полками, дверцами. Стеллаж изготовлен из ЛДСП толщиной 16 мм с покрытием с эффектом мягкого дерева. Цвет — «гикори джексон». Ширина конструкции — 104,9 см, высота — 70,4 см, глубина — 31,7 см. Каждая полка рассчитана на нагрузку в 5 кг. Страна производства — Россия.', '\n', 'Особенности стеллажа', '\n', '\n', 'Допускается установка на пол или крепление на стену. При желании можно приобрести специальные ножки.', '\n', 'В стенках предусмотрены отверстия для дополнительных полок или крестовых вставок. Неиспользуемые отверстия закрываются мебельными заглушками.', '\n', 'Возможна установка фасадов или дверец из коллекции.', '\n', 'Стеллаж поставляется в разобранном виде, упакован в компактную коробку, удобную при транспортировке.', '\n', 'В комплект входит крепеж для сборки и инструкция. Стеллаж собирается легко и быстро.', '\n', '\n\n    ', '\n\n                    ', '\n\n\n                    \n                    \n\n                    ', '\n                        ', '\n                            ', '\n                                ', '\n                                    ', '\n                                    ', '\n\n                                    ', '\n                                ', '\n\n\n                                ', 'Все товары марки SPACEO', '\n\n                            ', '\n\n                        ', '\n                    ', '\n                ', '\n            ']","['Стеллаж SPACEO KUB 6 секций 70x104x31.5 см, ЛДСП, цвет дуб']","['https://res.cloudinary.com/lmru/image/upload/f_auto,q_auto,w_1200,h_1200,c_pad,b_white,d_photoiscoming.png/LMCode/82731884.jpg', 'https://res.cloudinary.com/lmru/image/upload/f_auto,q_auto,w_1200,h_1200,c_pad,b_white,d_photoiscoming.png/LMCode/82731884_01.jpg', 'https://res.cloudinary.com/lmru/image/upload/f_auto,q_auto,w_1200,h_1200,c_pad,b_white,d_photoiscoming.png/LMCode/82731884_02.jpg', 'https://res.cloudinary.com/lmru/image/upload/f_auto,q_auto,w_1200,h_1200,c_pad,b_white,d_photoiscoming.png/LMCode/82731884_03.jpg', 'https://res.cloudinary.com/lmru/image/upload/f_auto,q_auto,w_1200,h_1200,c_pad,b_white,d_photoiscoming.png/LMCode/82731884_04.jpg', 'https://res.cloudinary.com/lmru/image/upload/f_auto,q_auto,w_1200,h_1200,c_pad,b_white,d_photoiscoming.png/LMCode/82731884_tmp.jpg', 'https://res.cloudinary.com/lmru/image/upload/f_auto,q_auto,w_1200,h_1200,c_pad,b_white,d_photoiscoming.png/LMCode/82731884_i.jpg', 'https://res.cloudinary.com/lmru/image/upload/f_auto,q_auto,w_1200,h_1200,c_pad,b_white,d_photoiscoming.png/LMCode/82731884_i_01.jpg']",['3 448'],['₽'],"{'Вес, кг': '20.177', 'Страна производства': 'Россия', 'Ширина (см)': '70.4', 'Высота (см)': '104.9', 'Глубина (см)': '31.7', 'Назначение': 'Спальня', 'Максимальная нагрузка на полку (кг)': '5', 'Количество перемещаемых полок': '0', 'Цвет': 'Дуб', 'Марка': 'SPACEO', 'Гарантия (лет)': '2', 'Цветовая палитра': 'Коричневый', 'Основной материал': 'ЛДСП', 'Покрытие': 'Эффектмягкогодерева', 'Эффект': 'Дерево', 'Тип древесины': 'ПлитаДСП', 'Тип упаковки': 'Картон', 'Тип продукта': 'Стеллажссекциями', 'Модель продукта': 'Стеллажсекционный', 'Тип монтажа': 'Дляустановки,Подвесной', 'Состав комплекта': 'Стенкабоковая,Стенкагоризонтальная-3,Пакетфурнитуры', 'Крепеж в комплекте': 'Да', 'Внешний материал': 'Финишпленка', 'Вес товара в индивидуальной упаковке (кг)': '20.177', 'Ширина товара в индивидуальной упаковке (см)': '33.3', 'Высота товара в индивидуальной упаковке (см)': '109.5', 'Глубина товара в индивидуальной упаковке (см)': '9.5'}",https://leroymerlin.ru/product/stellazh-spaceo-kub-6-sekciy-70x104x31-5-sm-82731884/
61794d4637de024045317bce,"['\n                ', '\n                    ', 'Описание', '\n                    ', '\n\n                        \n    ', '\n        ', '\n', 'Скачать документы сертификации', '\n', '\n', 'Стеллаж «Куб»', ' на 3 секции — это компактная система хранения для спальни, гостиной или кабинета. Изготовлен из ламинированной древесно-стружечной плиты (ЛДСП) толщиной 16 м, имеющей гладкое покрытие. Цвет поверхности — белый. Размеры: ширина — 36 см, высота — 104,9 см, глубина — 31,7 см. Страна производства — Россия.', '\n', 'Особенности', '\n', '\n', 'Стеллаж можно устанавливать на пол или крепить на стену. При необходимости можно приобрести ножки для установки.', '\n', 'В каждую секцию можно установить дополнительную полку.', '\n', 'Возможно дополнение секций фасадами и дверцами.', '\n', 'Для организации более удобного хранения вещей можно подобрать ящики и короба желаемого цвета под размер полок.', '\n', 'Конструкция предназначена для самостоятельной сборки, крепеж входит в комплект.', '\n', 'Каждая полка выдерживает нагрузку до 5 кг.', '\n', '\n\n    ', '\n\n                    ', '\n\n\n                    \n                    \n\n                    ', '\n                        ', '\n                            ', '\n                                ', '\n                                    ', '\n                                    ', '\n\n                                    ', '\n                                ', '\n\n\n                                ', 'Все товары марки SPACEO', '\n\n                            ', '\n\n                        ', '\n                    ', '\n                ', '\n            ']","['Стеллаж SPACEO KUB 3 секции 36x104x31.5 см, ЛДСП, цвет белый']","['https://res.cloudinary.com/lmru/image/upload/f_auto,q_auto,w_1200,h_1200,c_pad,b_white,d_photoiscoming.png/LMCode/82731912.jpg', 'https://res.cloudinary.com/lmru/image/upload/f_auto,q_auto,w_1200,h_1200,c_pad,b_white,d_photoiscoming.png/LMCode/82731912_01.jpg', 'https://res.cloudinary.com/lmru/image/upload/f_auto,q_auto,w_1200,h_1200,c_pad,b_white,d_photoiscoming.png/LMCode/82731912_02.jpg', 'https://res.cloudinary.com/lmru/image/upload/f_auto,q_auto,w_1200,h_1200,c_pad,b_white,d_photoiscoming.png/LMCode/82731912_03.jpg', 'https://res.cloudinary.com/lmru/image/upload/f_auto,q_auto,w_1200,h_1200,c_pad,b_white,d_photoiscoming.png/LMCode/82731912_i.jpg', 'https://res.cloudinary.com/lmru/image/upload/f_auto,q_auto,w_1200,h_1200,c_pad,b_white,d_photoiscoming.png/LMCode/82731912_i_01.jpg']",['1 842'],['₽'],"{'Вес, кг': '12.457', 'Страна производства': 'Россия', 'Ширина (см)': '36.0', 'Высота (см)': '104.9', 'Глубина (см)': '31.7', 'Назначение': 'Спальня', 'Максимальная нагрузка на полку (кг)': '5', 'Количество перемещаемых полок': '0', 'Цвет': 'Белый', 'Марка': 'SPACEO', 'Гарантия (лет)': '2', 'Цветовая палитра': 'Белый', 'Основной материал': 'ЛДСП', 'Покрытие': 'Гладкий', 'Тип древесины': 'ПлитаДСП', 'Тип упаковки': 'Картон', 'Тип продукта': 'Стеллажссекциями', 'Модель продукта': 'Стеллажсекционный', 'Тип монтажа': 'Дляустановки,Подвесной', 'Состав комплекта': 'Стенкабоковая,Стенкагоризонтальная-2,Пакетфурнитуры', 'Крепеж в комплекте': 'Да', 'Внешний материал': 'Финишпленка', 'Вес товара в индивидуальной упаковке (кг)': '12.457', 'Ширина товара в индивидуальной упаковке (см)': '33.3', 'Высота товара в индивидуальной упаковке (см)': '109', 'Глубина товара в индивидуальной упаковке (см)': '6.5'}",https://leroymerlin.ru/product/stellazh-spaceo-kub-3-sekcii-36x104x31-5-sm-82731912/
61794d4937de024045317bcf,"['\n                ', '\n                    ', 'Описание', '\n                    ', '\n\n                        \n    ', '\n        ', 'Стеллаж «Кабуки»', ' позволит рационально использовать свободную площадь и организовать удобное место для хранения вещей в гостиной и спальне, на кухне и в столовой, в коридоре и прихожей. Высота изделия 201 см, ширина и глубина — 40 см и 28 см соответственно. Благодаря наличию 5 перемещаемых полок внутреннее пространство стеллажа легко подстроить под собственные нужды. Максимальная нагрузка на полку 12 кг — можно без опасений ставить достаточно тяжелые предметы.', '\n', 'Особенности модели', '\n', '\n', 'Конструкция с задней стенкой.', '\n', 'Основной материал — ЛДСП — устойчив к механическим воздействиям, отличается высокими декоративными свойствами.', '\n', 'Цвет поверхности — белый — будет отлично смотреться в любом интерьере.', '\n', '\n\n    ', '\n\n                    ', '\n\n\n                    \n                    \n\n                    \n                ', '\n            ']","['Стеллаж Кабуки 40x201x28 см, ЛДСП, цвет белый']","['https://res.cloudinary.com/lmru/image/upload/f_auto,q_auto,w_1200,h_1200,c_pad,b_white,d_photoiscoming.png/LMCode/17786484.jpg', 'https://res.cloudinary.com/lmru/image/upload/f_auto,q_auto,w_1200,h_1200,c_pad,b_white,d_photoiscoming.png/LMCode/17786484_01.jpg', 'https://res.cloudinary.com/lmru/image/upload/f_auto,q_auto,w_1200,h_1200,c_pad,b_white,d_photoiscoming.png/LMCode/17786484_02.jpg', 'https://res.cloudinary.com/lmru/image/upload/f_auto,q_auto,w_1200,h_1200,c_pad,b_white,d_photoiscoming.png/LMCode/17786484_i.jpg', 'https://res.cloudinary.com/lmru/image/upload/f_auto,q_auto,w_1200,h_1200,c_pad,b_white,d_photoiscoming.png/LMCode/17786484_i_01.jpg', 'https://res.cloudinary.com/lmru/image/upload/f_auto,q_auto,w_1200,h_1200,c_pad,b_white,d_photoiscoming.png/LMCode/17786484_i_02.jpg', 'https://res.cloudinary.com/lmru/image/upload/f_auto,q_auto,w_1200,h_1200,c_pad,b_white,d_photoiscoming.png/LMCode/17786484_i_04.jpg', 'https://res.cloudinary.com/lmru/image/upload/f_auto,q_auto,w_1200,h_1200,c_pad,b_white,d_photoiscoming.png/LMCode/17786484_i_05.jpg', 'https://res.cloudinary.com/lmru/image/upload/f_auto,q_auto,w_1200,h_1200,c_pad,b_white,d_photoiscoming.png/LMCode/17786484_i_06.jpg', 'https://res.cloudinary.com/lmru/image/upload/f_auto,q_auto,w_1200,h_1200,c_pad,b_white,d_photoiscoming.png/LMCode/17786484_i_07.jpg', 'https://res.cloudinary.com/lmru/image/upload/f_auto,q_auto,w_1200,h_1200,c_pad,b_white,d_photoiscoming.png/LMCode/17786484_i_08.jpg', 'https://res.cloudinary.com/lmru/image/upload/f_auto,q_auto,w_1200,h_1200,c_pad,b_white,d_photoiscoming.png/LMCode/17786484_drw.jpg']",['2 897'],['₽'],"{'Вес, кг': '23.36', 'Страна производства': 'Россия', 'Ширина (см)': '39.4', 'Высота (см)': '201.0', 'Глубина (см)': '28.2', 'Назначение': 'Гостиная,Спальня,Офис,Гардеробная', 'Максимальная нагрузка на полку (кг)': '16', 'Количество перемещаемых полок': '5', 'Цвет': 'Белый', 'Гарантия (лет)': '0', 'Цветовая палитра': 'Белый', 'Основной материал': 'ЛДСП', 'Покрытие': 'Гладкий', 'Тип упаковки': 'Картон', 'Тип продукта': 'Стеллажсполками', 'Модель продукта': 'КнижныйстеллажКабуки', 'Внешний материал': 'Финишпленка', 'Вес товара в индивидуальной упаковке (кг)': '23.36', 'Ширина товара в индивидуальной упаковке (см)': '29.0', 'Высота товара в индивидуальной упаковке (см)': '8.0', 'Глубина товара в индивидуальной упаковке (см)': '203.7'}",https://leroymerlin.ru/product/stellazh-kabuki-40x201x28-sm-17786484/
61794d5137de024045317bd0,"['\n                ', '\n                    ', 'Описание', '\n                    ', '\n\n                        \n    ', '\n        ', 'Уголки пластиковые — крепежные элементы, которые просто необходимы для сборки мебели или навешивания полочек на стены. Выполнены из прочного пластика белого цвета, благодаря чему не требуют особого ухода и отличаются малым весом (всего 37 г). Изделие произведено в России. В комплект входит 6 уголков с шурупами.', '\n', 'Достоинства:', '\n', '\n', 'устойчивость к коррозии;', '\n', 'небольшой вес;', '\n', 'прочность;', '\n', 'простота и доступность конструкции;', '\n', 'шурупы в комплекте;', '\n', 'невысокая цена.', '\n', '\n\n    ', '\n\n                    ', '\n\n\n                    \n                    \n\n                    \n                ', '\n            ']","['Комплект уголков мебельных с шурупами цвет белый, 6 шт.']","['https://res.cloudinary.com/lmru/image/upload/f_auto,q_auto,w_1200,h_1200,c_pad,b_white,d_photoiscoming.png/LMCode/15543761.jpg', 'https://res.cloudinary.com/lmru/image/upload/f_auto,q_auto,w_1200,h_1200,c_pad,b_white,d_photoiscoming.png/LMCode/15543761_01.jpg', 'https://res.cloudinary.com/lmru/image/upload/f_auto,q_auto,w_1200,h_1200,c_pad,b_white,d_photoiscoming.png/LMCode/15543761_02.jpg']",['38'],['₽'],"{'Вес, кг': '0.032', 'Страна производства': 'Россия', 'Цвет': 'Белый', 'Гарантия (лет)': '0', 'Цветовая палитра': 'Белый', 'Основной материал': 'Пластик', 'Тип упаковки': 'Блистернаяупаковка', 'Тип продукта': 'Крепежнаяфурнитура', 'Вес товара в индивидуальной упаковке (кг)': '0.032', 'Ширина товара в индивидуальной упаковке (см)': '10', 'Высота товара в индивидуальной упаковке (см)': '6.4', 'Глубина товара в индивидуальной упаковке (см)': '2.4'}",https://leroymerlin.ru/product/komplekt-ugolkov-mebelnyh-s-shurupami-cvet-belyy-15543761/
61794d5437de024045317bd1,"['\n                ', '\n                    ', 'Описание', '\n                    ', '\n\n                        \n    ', '\n        ', '\n', 'Скачать документы сертификации', '\n', '\n', 'Стеллаж «Куб»', ' на 10 секций предназначен для организации хранения в спальне, гостиной, детской, домашнем кабинете. Возможны два варианта установки: на пол (при желании можно приобрести ножки) или на стену. При напольной установке стеллаж может использоваться в качестве перегородки для зонирования. Изготовлен из ламинированной ДСП толщиной 16 мм с гладким покрытием. Цвет — белый. Ширина — 70,4 см, высота — 173,7 см, глубина — 31,7 см. Страна производства — Россия.', '\n', 'Особенности стеллажа', '\n', '\n', 'Каждую секцию можно разделить пополам, установив дополнительную полку. Для этого в стенках предусмотрены отверстия.', '\n', 'Для заполнения полок и удобного хранения вещей, одежды, мелких предметов, игрушек можно использовать ящики, корзины и короба подходящего размера и цвета.', '\n', 'Для организации скрытого хранения на отдельные секции можно установить дверцы-фасады.', '\n', 'Если отверстия под дополнительные полки использоваться не будут, их можно легко закрыть стандартными мебельными заглушками или специальными наклейками в тон покрытию.', '\n', 'Крепеж для самостоятельной сборки входит в комплект.', '\n', 'Максимальная нагрузка на каждую полку стеллажа — 5 кг.', '\n', '\n\n    ', '\n\n                    ', '\n\n\n                    \n                    \n\n                    ', '\n                        ', '\n                            ', '\n                                ', '\n                                    ', '\n                                    ', '\n\n                                    ', '\n                                ', '\n\n\n                                ', 'Все товары марки SPACEO', '\n\n                            ', '\n\n                        ', '\n                    ', '\n                ', '\n            ']","['Стеллаж SPACEO KUB 10 секций 70x173x31.5 см, ЛДСП, цвет белый']","['https://res.cloudinary.com/lmru/image/upload/f_auto,q_auto,w_1200,h_1200,c_pad,b_white,d_photoiscoming.png/LMCode/82731889.jpg', 'https://res.cloudinary.com/lmru/image/upload/f_auto,q_auto,w_1200,h_1200,c_pad,b_white,d_photoiscoming.png/LMCode/82731889_01.jpg', 'https://res.cloudinary.com/lmru/image/upload/f_auto,q_auto,w_1200,h_1200,c_pad,b_white,d_photoiscoming.png/LMCode/82731889_02.jpg', 'https://res.cloudinary.com/lmru/image/upload/f_auto,q_auto,w_1200,h_1200,c_pad,b_white,d_photoiscoming.png/LMCode/82731889_03.jpg']",['5 262'],['₽'],"{'Вес, кг': '32.52', 'Страна производства': 'Россия', 'Ширина (см)': '70.4', 'Высота (см)': '173.7', 'Глубина (см)': '31.7', 'Назначение': 'Спальня', 'Максимальная нагрузка на полку (кг)': '5', 'Количество перемещаемых полок': '0', 'Цвет': 'Белый', 'Марка': 'SPACEO', 'Гарантия (лет)': '2', 'Цветовая палитра': 'Белый', 'Основной материал': 'ЛДСП', 'Покрытие': 'Гладкий', 'Тип древесины': 'ПлитаДСП', 'Тип упаковки': 'Картон', 'Тип продукта': 'Стеллажссекциями', 'Модель продукта': 'Стеллажсекционный', 'Тип монтажа': 'Дляустановки,Подвесной', 'Состав комплекта': 'Стенкабоковая,Стенкагоризонтальная-3,Пакетфурнитуры', 'Крепеж в комплекте': 'Да', 'Внешний материал': 'Финишпленка', 'Вес товара в индивидуальной упаковке (кг)': '32.52', 'Ширина товара в индивидуальной упаковке (см)': '32.7', 'Высота товара в индивидуальной упаковке (см)': '177.5', 'Глубина товара в индивидуальной упаковке (см)': '10.1'}",https://leroymerlin.ru/product/stellazh-spaceo-kub-10-sekciy-70x173x31-5-sm-82731889/
61794d5537de024045317bd2,"['\n                ', '\n                    ', 'Описание', '\n                    ', '\n\n                        \n    ', '\n        ', '\xa0', '\n', 'Подстолье для стола Лофт', ' — мебельная деталь, удерживающая столешницу. С его помощью можно самостоятельно собрать стол по своему вкусу. Прямоугольная форма обеспечивает высокую устойчивость, элемент выдерживает нагрузку в 40 кг. За счет винтового крепления подстолье надежно фиксируется и обеспечивает долговечность конструкции. Страна производства — Россия.', '\n', 'В комплект входит 1 подстолье. Для создания стола необходимо приобрести 2 подстолья.', '\n', 'Внимание!', ' Подстолья крепятся на саморезы, не использовать со стеклянными столешницами.', '\n\n    ', '\n\n                    ', '\n\n\n                    \n                    \n\n                    \n                ', '\n            ']","['Подстолье для рабочей поверхности Лофт 710 мм, цвет чёрный']","['https://res.cloudinary.com/lmru/image/upload/f_auto,q_auto,w_1200,h_1200,c_pad,b_white,d_photoiscoming.png/LMCode/82066741.jpg', 'https://res.cloudinary.com/lmru/image/upload/f_auto,q_auto,w_1200,h_1200,c_pad,b_white,d_photoiscoming.png/LMCode/82066741_01.jpg', 'https://res.cloudinary.com/lmru/image/upload/f_auto,q_auto,w_1200,h_1200,c_pad,b_white,d_photoiscoming.png/LMCode/82066741_02.jpg', 'https://res.cloudinary.com/lmru/image/upload/f_auto,q_auto,w_1200,h_1200,c_pad,b_white,d_photoiscoming.png/LMCode/82066741_03.jpg', 'https://res.cloudinary.com/lmru/image/upload/f_auto,q_auto,w_1200,h_1200,c_pad,b_white,d_photoiscoming.png/LMCode/82066741_04.jpg', 'https://res.cloudinary.com/lmru/image/upload/f_auto,q_auto,w_1200,h_1200,c_pad,b_white,d_photoiscoming.png/LMCode/82066741_i_01.jpg', 'https://res.cloudinary.com/lmru/image/upload/f_auto,q_auto,w_1200,h_1200,c_pad,b_white,d_photoiscoming.png/LMCode/82066741_i_02.jpg', 'https://res.cloudinary.com/lmru/image/upload/f_auto,q_auto,w_1200,h_1200,c_pad,b_white,d_photoiscoming.png/LMCode/82066741_i_03.jpg', 'https://res.cloudinary.com/lmru/image/upload/f_auto,q_auto,w_1200,h_1200,c_pad,b_white,d_photoiscoming.png/LMCode/82066741_drw.jpg']",['1 498'],['₽'],"{'Тип продукта': 'Регулируемыеопоры', 'Страна производства': 'Россия', 'Гарантия (лет)': '0.5', 'Высота (см)': '71.0', 'Регулируемый': 'Нет', 'Глубина (см)': '10.0', 'Диаметр (мм)': '0', 'Ширина (мм)': '55.0', 'Максимальная нагрузка (кг)': '40.0', 'Нагрузка на ножку (кг)': '40.0', 'Вес, кг': '3.521', 'Назначение': 'Длямебели,столовибаров', 'Форма': 'Прямоугольник', 'Количество в наборе': '1', 'Цвет': 'Черный', 'Тип монтажа': 'Свинтовымкреплением,Ударный', 'Материал основы': 'Сталь', 'Цветовая палитра': 'Черный', 'Основной материал': 'Сталь', 'Материал ножки': 'Сталь', 'Вес товара в индивидуальной упаковке (кг)': '3.521', 'Ширина товара в индивидуальной упаковке (см)': '54.1', 'Высота товара в индивидуальной упаковке (см)': '10.1', 'Глубина товара в индивидуальной упаковке (см)': '71.2'}",https://leroymerlin.ru/product/podstole-dlya-rabochey-poverhnosti-loft-710-mm-82066741/
61794d5837de024045317bd3,"['\n                ', '\n                    ', 'Описание', '\n                    ', '\n\n                        \n    ', '\n        ', 'Настенная вешалка – это мебельный аксессуар для организации пространства и украшение интерьера. Предназначена для хранения верхней одежды, сумок, зонтов, головных уборов в прихожей, полотенец и банных халатов в ванной комнате или в сауне, прихваток и передников в кухне. Вешалка крепится к стене, к деревянной панели или к стенке шкафа. Белая вешалка будет органично смотреться в любом интерьере городской квартиры или загородного дома, дачи, офиса, раздевалки в общественном месте.\n', 'Преимущества:', '\n', '\n', 'функциональный аксессуар;', '\n', 'декор интерьера;', '\n', 'удобство и универсальность;', '\n', 'низкая цена.', '\n', '\n\n    ', '\n\n                    ', '\n\n\n                    \n                    \n\n                    \n                ', '\n            ']","['Вешалка настенная Стандарт 5 крючков, 11х26х55 см, цвет белый']","['https://res.cloudinary.com/lmru/image/upload/f_auto,q_auto,w_1200,h_1200,c_pad,b_white,d_photoiscoming.png/LMCode/10531104.jpg', 'https://res.cloudinary.com/lmru/image/upload/f_auto,q_auto,w_1200,h_1200,c_pad,b_white,d_photoiscoming.png/LMCode/10531104_01.jpg', 'https://res.cloudinary.com/lmru/image/upload/f_auto,q_auto,w_1200,h_1200,c_pad,b_white,d_photoiscoming.png/LMCode/10531104_02.jpg']",['238'],['₽'],"{'Габариты (ШхВхГ), см': '55.0×26.0×11.0', 'Тип продукта': 'Настеннаявешалка', 'Ширина (см)': '55.0', 'Высота (см)': '26.0', 'Глубина (см)': '11.0', 'С полкой': 'Нет', 'Основной материал': 'Металл', 'Материал крючка': 'Металл', 'Цвет крючка': 'Белый', 'Цветовая палитра': 'Белый', 'Марка': 'SHEFFILTON', 'Количество крючков': '5', 'Тип монтажа': 'Свинтовымкреплением', 'Гарантия (лет)': '0', 'Тип упаковки': 'Безупаковки', 'Страна производства': 'Россия', 'Вес товара в индивидуальной упаковке (кг)': '0.419', 'Ширина товара в индивидуальной упаковке (см)': '25.1', 'Высота товара в индивидуальной упаковке (см)': '10.9', 'Глубина товара в индивидуальной упаковке (см)': '56.7', 'Вес, кг': '0.419'}",https://leroymerlin.ru/product/veshalka-nastennaya-standart-5-kryuchkov-10531104/
61794d5b37de024045317bd4,"['\n                ', '\n                    ', 'Описание', '\n                    ', '\n\n                        \n    ', '\n        ', 'Стеллаж «Кабуки»', ' позволит рационально использовать свободную площадь и организовать удобное место для хранения вещей в гостиной и спальне, на кухне и в столовой, в коридоре и прихожей. Высота изделия 201 см, ширина и глубина — 80 см и 28 см соответственно. Благодаря наличию 5 перемещаемых полок внутреннее пространство стеллажа легко подстроить под собственные нужды. Максимальная нагрузка на полку 12 кг — можно без опасений ставить достаточно тяжелые предметы.', '\n', 'Особенности модели', '\n', '\n', 'Конструкция с задней стенкой.', '\n', 'Основной материал — ЛДСП — устойчив к механическим воздействиям, отличается высокими декоративными свойствами.', '\n', 'Цвет поверхности — белый — будет отлично смотреться в любом интерьере.', '\n', '\n\n    ', '\n\n                    ', '\n\n\n                    \n                    \n\n                    \n                ', '\n            ']","['Стеллаж Кабуки 80x201x28 см, ЛДСП, цвет белый']","['https://res.cloudinary.com/lmru/image/upload/f_auto,q_auto,w_1200,h_1200,c_pad,b_white,d_photoiscoming.png/LMCode/17786505.jpg', 'https://res.cloudinary.com/lmru/image/upload/f_auto,q_auto,w_1200,h_1200,c_pad,b_white,d_photoiscoming.png/LMCode/17786505_i.jpg', 'https://res.cloudinary.com/lmru/image/upload/f_auto,q_auto,w_1200,h_1200,c_pad,b_white,d_photoiscoming.png/LMCode/17786505_i_01.jpg', 'https://res.cloudinary.com/lmru/image/upload/f_auto,q_auto,w_1200,h_1200,c_pad,b_white,d_photoiscoming.png/LMCode/17786505_i_02.jpg', 'https://res.cloudinary.com/lmru/image/upload/f_auto,q_auto,w_1200,h_1200,c_pad,b_white,d_photoiscoming.png/LMCode/17786505_drw.jpg']",['4 240'],['₽'],"{'Вес, кг': '35.5', 'Страна производства': 'Россия', 'Ширина (см)': '79.4', 'Высота (см)': '201.0', 'Глубина (см)': '28.2', 'Назначение': 'Гостиная,Спальня,Офис,Гардеробная', 'Максимальная нагрузка на полку (кг)': '34', 'Количество перемещаемых полок': '5', 'Цвет': 'Белый', 'Гарантия (лет)': '0', 'Цветовая палитра': 'Белый', 'Основной материал': 'ЛДСП', 'Покрытие': 'Гладкий', 'Тип упаковки': 'Картон', 'Тип продукта': 'Стеллажсполками', 'Модель продукта': 'КнижныйстеллажКабуки', 'Внешний материал': 'Финишпленка', 'Вес товара в индивидуальной упаковке (кг)': '35.5', 'Ширина товара в индивидуальной упаковке (см)': '29.0', 'Высота товара в индивидуальной упаковке (см)': '11.0', 'Глубина товара в индивидуальной упаковке (см)': '203.7'}",https://leroymerlin.ru/product/stellazh-kabuki-80x201x28-sm-17786505/
61794d5e37de024045317bd5,"['\n                ', '\n                    ', 'Описание', '\n                    ', '\n\n                        \n    ', '\n        ', 'Шкаф распашной Турин «Гикори джексон»', ' — мебельное изделие, предназначенное для хранения одежды, обуви и белья. Модель отличается надежностью конструкции и большой вместительностью. Шкаф впишется в интерьер комнаты, оформленной в классическом стиле.', '\n', 'Двухстворчатый распашной шкаф шириной 120 см, высотой 212 см и глубиной 46,4 см. Количество полок — 3 шт. Толщина задней стенки составляет 4 мм. Крепежные приспособления — в комплекте. Корпус и двери шкафа выполнены из ламинированных ДСП — долговечного материала, устойчивого к механическим повреждениям. Наружный декоративный слой имитирует натуральную древесину.', '\n', 'Особенности', '\n', '\n', 'Распашные двери шириной 59,6 см обеспечивают удобный доступ к внутреннему пространству.', '\n', 'Штанга для хранения одежды на вешалках входит в комплект.', '\n', 'Наружное покрытие из меламина не выгорает под воздействием ультрафиолета и легко переносит контакт с водой.', '\n', '\n', 'Страна производства — Россия.', '\n\n    ', '\n\n                    ', '\n\n\n                    \n                    \n\n                    \n                ', '\n            ']","['Шкаф распашной Турин 120х212х45 см, ЛДСП, цвет гикори джексон']","['https://res.cloudinary.com/lmru/image/upload/f_auto,q_auto,w_1200,h_1200,c_pad,b_white,d_photoiscoming.png/LMCode/82285498.jpg', 'https://res.cloudinary.com/lmru/image/upload/f_auto,q_auto,w_1200,h_1200,c_pad,b_white,d_photoiscoming.png/LMCode/82285498_01.jpg', 'https://res.cloudinary.com/lmru/image/upload/f_auto,q_auto,w_1200,h_1200,c_pad,b_white,d_photoiscoming.png/LMCode/82285498_02.jpg', 'https://res.cloudinary.com/lmru/image/upload/f_auto,q_auto,w_1200,h_1200,c_pad,b_white,d_photoiscoming.png/LMCode/82285498_03.jpg', 'https://res.cloudinary.com/lmru/image/upload/f_auto,q_auto,w_1200,h_1200,c_pad,b_white,d_photoiscoming.png/LMCode/82285498_04.jpg', 'https://res.cloudinary.com/lmru/image/upload/f_auto,q_auto,w_1200,h_1200,c_pad,b_white,d_photoiscoming.png/LMCode/82285498_05.jpg', 'https://res.cloudinary.com/lmru/image/upload/f_auto,q_auto,w_1200,h_1200,c_pad,b_white,d_photoiscoming.png/LMCode/82285498_06.jpg', 'https://res.cloudinary.com/lmru/image/upload/f_auto,q_auto,w_1200,h_1200,c_pad,b_white,d_photoiscoming.png/LMCode/82285498_i.jpg', 'https://res.cloudinary.com/lmru/image/upload/f_auto,q_auto,w_1200,h_1200,c_pad,b_white,d_photoiscoming.png/LMCode/82285498_i_01.jpg']",['8 067'],['₽'],"{'Вес, кг': '95.55', 'Страна производства': 'Россия', 'Ширина (см)': '120.0', 'Высота (см)': '212.0', 'Глубина (см)': '46.4', 'Цвет': 'Гикориджексон', 'Цветовая палитра': 'Коричневый', 'Основной материал': 'ЛДСП', 'Модель продукта': 'Шкафраспашной', 'Назначение': 'Гостиная,Спальня,Офис,Гардеробная', 'Материал двери': 'ЛДСП', 'Ширина двери (см)': '59.6', 'Количество полок': '3', 'Гарантия (лет)': '2', 'Покрытие': 'Эффектрельефногодерева', 'Крепления в комплекте': 'Да', 'Внешний материал': 'Древесноволокнистаяплитасреднейплотности', 'Максимальный поддерживаемый вес (в кг)': '80.0', 'Тип упаковки': 'Картон', 'Тип продукта': 'Шкафраспашной', 'Вес товара в индивидуальной упаковке (кг)': '95.55', 'Ширина товара в индивидуальной упаковке (см)': '60.0', 'Высота товара в индивидуальной упаковке (см)': '20.0', 'Глубина товара в индивидуальной упаковке (см)': '212.0'}",https://leroymerlin.ru/product/shkaf-raspashnoy-turin-120h212h45-sm-82285498/
61794d6a37de024045317bd6,"['\n                ', '\n                    ', 'Описание', '\n                    ', '\n\n                        \n    ', '\n        ', 'Вешалка напольная Gromell Tire', ' поможет с хранением вещей и организацией пространства комнаты. Подходит для гардеробной, прихожей, жилой комнаты или помещений общего пользования. Конструкцией предусмотрена верхняя полка для головных уборов, штанга для плечиков и место для размещения обуви. Для удобства перемещения модель установлена на колесики.', '\n', 'Особенности изделия', '\n', 'Телескопическая конструкция сделана из стали с защитным покрытием чёрного цвета и позволяет регулировать высоту до 175 см исходя из личных предпочтений или особенностей помещения.', '\n', 'Гарантия производителя — 2 года.', '\n\n    ', '\n\n                    ', '\n\n\n                    \n                    \n\n                    \n                ', '\n            ']",['Вешалка напольная Gromell Tire 84х42х175 см'],"['https://res.cloudinary.com/lmru/image/upload/f_auto,q_auto,w_1200,h_1200,c_pad,b_white,d_photoiscoming.png/LMCode/82635796.jpg', 'https://res.cloudinary.com/lmru/image/upload/f_auto,q_auto,w_1200,h_1200,c_pad,b_white,d_photoiscoming.png/LMCode/82635796_01.jpg', 'https://res.cloudinary.com/lmru/image/upload/f_auto,q_auto,w_1200,h_1200,c_pad,b_white,d_photoiscoming.png/LMCode/82635796_02.jpg', 'https://res.cloudinary.com/lmru/image/upload/f_auto,q_auto,w_1200,h_1200,c_pad,b_white,d_photoiscoming.png/LMCode/82635796_03.jpg', 'https://res.cloudinary.com/lmru/image/upload/f_auto,q_auto,w_1200,h_1200,c_pad,b_white,d_photoiscoming.png/LMCode/82635796_04.jpg', 'https://res.cloudinary.com/lmru/image/upload/f_auto,q_auto,w_1200,h_1200,c_pad,b_white,d_photoiscoming.png/LMCode/82635796_i1p_03.jpg']",['1 964'],['₽'],"{'Телескопический': 'Да', 'Ширина (см)': '84.0', 'Высота (см)': '175.0', 'Глубина (см)': '42.0', 'Наличие колес': 'Да', 'Цвет': 'Черный', 'Цветовая палитра': 'Черный,Серый/Серебристый', 'Основной материал': 'Металл', 'Тип продукта': 'Напольнаявешалка', 'Серия': 'TIRE', 'Гарантия (лет)': '2', 'Страна производства': 'Тайвань', 'Тип упаковки': 'Коробка', 'Вес, кг': '3.043', 'Вес товара в индивидуальной упаковке (кг)': '3.043', 'Ширина товара в индивидуальной упаковке (см)': '20.1', 'Высота товара в индивидуальной упаковке (см)': '8.9', 'Глубина товара в индивидуальной упаковке (см)': '84.9'}",https://leroymerlin.ru/product/veshalka-napolnaya-gromell-tire-84h42h175-sm-82635796/
61794d6d37de024045317bd7,"['\n                ', '\n                    ', 'Описание', '\n                    ', '\n\n                        \n    ', '\n        ', 'Швейцарская этажерка для обуви', ' из коричневого пластика дополнит интерьер прихожей и поможет значительно сэкономить место. На четырех полках этажерки можно разместить более 10 пар обуви любого сезона. Параметры: 49х67 см, глубина – 31 см. Конструкция легко собирается и весит всего 1,35 кг.', '\nПолки этажерки находятся под небольшим уклоном, что создает дополнительные удобства хранения. На верхней полке расположены крючки, на которые можно повесить ложку для обуви или другие аксессуары.', '\n', 'Преимущества:', '\n', '\n', 'вместительность;', '\n', 'классический дизайн;', '\n', 'легкость сборки;', '\n', 'доступная цена.', '\n', '\n\n    ', '\n\n                    ', '\n\n\n                    \n                    \n\n                    \n                ', '\n            ']",['Обувница открытая 4 полки 78х49х31 cм'],"['https://res.cloudinary.com/lmru/image/upload/f_auto,q_auto,w_1200,h_1200,c_pad,b_white,d_photoiscoming.png/LMCode/12014071_01.jpg', 'https://res.cloudinary.com/lmru/image/upload/f_auto,q_auto,w_1200,h_1200,c_pad,b_white,d_photoiscoming.png/LMCode/12014071_02.jpg', 'https://res.cloudinary.com/lmru/image/upload/f_auto,q_auto,w_1200,h_1200,c_pad,b_white,d_photoiscoming.png/LMCode/12014071_03.jpg', 'https://res.cloudinary.com/lmru/image/upload/f_auto,q_auto,w_1200,h_1200,c_pad,b_white,d_photoiscoming.png/LMCode/12014071_04.jpg', 'https://res.cloudinary.com/lmru/image/upload/f_auto,q_auto,w_1200,h_1200,c_pad,b_white,d_photoiscoming.png/LMCode/12014071_05.jpg', 'https://res.cloudinary.com/lmru/image/upload/f_auto,q_auto,w_1200,h_1200,c_pad,b_white,d_photoiscoming.png/LMCode/12014071_07.jpg']",['488'],['₽'],"{'Вес, кг': '1.385', 'Страна производства': 'Россия', 'Модель продукта': 'Этажеркадляобуви', 'Ширина (см)': '49.0', 'Высота (см)': '78.0', 'Глубина (см)': '31.0', 'Гарантия (лет)': '0', 'Цветовая палитра': 'Коричневый', 'Основной материал': 'Пластик', 'Покрытие': 'Глянцевый', 'Тип упаковки': 'Безупаковки', 'Тип продукта': 'Шкафдляобуви', 'Назначение': 'Гостиная', 'Цвет': 'Коричневый', 'Вес товара в индивидуальной упаковке (кг)': '1.385', 'Ширина товара в индивидуальной упаковке (см)': '31.8', 'Высота товара в индивидуальной упаковке (см)': '15.1', 'Глубина товара в индивидуальной упаковке (см)': '51.4'}",https://leroymerlin.ru/product/obuvnica-otkrytaya-4-polki-78h49h31-cm-12014071/
61794d7137de024045317bd8,[],['Стойка мобильная для одежды Gromell Loren 80x42x158 см'],"['https://res.cloudinary.com/lmru/image/upload/f_auto,q_auto,w_1200,h_1200,c_pad,b_white,d_photoiscoming.png/LMCode/84466184.jpg', 'https://res.cloudinary.com/lmru/image/upload/f_auto,q_auto,w_1200,h_1200,c_pad,b_white,d_photoiscoming.png/LMCode/84466184_01.jpg', 'https://res.cloudinary.com/lmru/image/upload/f_auto,q_auto,w_1200,h_1200,c_pad,b_white,d_photoiscoming.png/LMCode/84466184_06.jpg', 'https://res.cloudinary.com/lmru/image/upload/f_auto,q_auto,w_1200,h_1200,c_pad,b_white,d_photoiscoming.png/LMCode/84466184_08.jpg', 'https://res.cloudinary.com/lmru/image/upload/f_auto,q_auto,w_1200,h_1200,c_pad,b_white,d_photoiscoming.png/LMCode/84466184_i.jpg', 'https://res.cloudinary.com/lmru/image/upload/f_auto,q_auto,w_1200,h_1200,c_pad,b_white,d_photoiscoming.png/LMCode/84466184_i_01.jpg']",['616'],['₽'],"{'Количество крючков': '2', 'Телескопический': 'Да', 'Ширина (см)': '80.0', 'Высота (см)': '158.0', 'Глубина (см)': '42.0', 'Максимальная нагрузка (кг)': '10.0', 'Наличие колес': 'Да', 'Цвет': 'Черный', 'Цветовая палитра': 'Черный', 'Основной материал': 'Металл', 'Тип продукта': 'Напольнаявешалка', 'Марка': 'GROMELL', 'Серия': 'LOREN', 'Гарантия (лет)': '2', 'Страна производства': 'Китай', 'Тип упаковки': 'Коробка', 'Вес, кг': '1.1', 'Вес товара в индивидуальной упаковке (кг)': '1.1', 'Ширина товара в индивидуальной упаковке (см)': '12.9', 'Высота товара в индивидуальной упаковке (см)': '5.4', 'Глубина товара в индивидуальной упаковке (см)': '76.5'}",https://leroymerlin.ru/product/stoyka-mobilnaya-dlya-odezhdy-gromell-loren-80x42x158-sm-84466184/
61794d7537de024045317bd9,"['\n                ', '\n                    ', 'Описание', '\n                    ', '\n\n                        \n    ', '\n        ', '\n', 'Скачать документы сертификации', '\n', '\n', 'Стеллаж «Куб»', ' на 4 секции — это основной элемент модульной системы хранения. Для максимально эффективного использования внутреннего объема может быть дополнен выдвижными ящиками, коробами, дополнительными полками, дверцами. Стеллаж изготовлен из ЛДСП толщиной 16 мм с гладким покрытием. Цвет — белый. Ширина конструкции — 36 см, высота — 139,3 см, глубина — 31,7 см. Каждая полка рассчитана на нагрузку в 5 кг. Страна производства — Россия.', '\n', 'Особенности стеллажа', '\n', '\n', 'Допускается установка на пол или крепление на стену. При желании можно приобрести специальные ножки.', '\n', 'В стенках предусмотрены отверстия для дополнительных полок или крестовых вставок. Неиспользуемые отверстия закрываются мебельными заглушками.', '\n', 'Возможна установка фасадов или дверец из коллекции.', '\n', 'Стеллаж поставляется в разобранном виде, упакован в компактную коробку, удобную при транспортировке.', '\n', 'В комплект входит крепеж для сборки и инструкция. Стеллаж собирается легко и быстро.', '\n', '\n\n    ', '\n\n                    ', '\n\n\n                    \n                    \n\n                    ', '\n                        ', '\n                            ', '\n                                ', '\n                                    ', '\n                                    ', '\n\n                                    ', '\n                                ', '\n\n\n                                ', 'Все товары марки SPACEO', '\n\n                            ', '\n\n                        ', '\n                    ', '\n                ', '\n            ']","['Стеллаж SPACEO KUB 4 секции 36x139x31.5 см, ЛДСП, цвет белый']","['https://res.cloudinary.com/lmru/image/upload/f_auto,q_auto,w_1200,h_1200,c_pad,b_white,d_photoiscoming.png/LMCode/82731913.jpg', 'https://res.cloudinary.com/lmru/image/upload/f_auto,q_auto,w_1200,h_1200,c_pad,b_white,d_photoiscoming.png/LMCode/82731913_01.jpg', 'https://res.cloudinary.com/lmru/image/upload/f_auto,q_auto,w_1200,h_1200,c_pad,b_white,d_photoiscoming.png/LMCode/82731913_02.jpg', 'https://res.cloudinary.com/lmru/image/upload/f_auto,q_auto,w_1200,h_1200,c_pad,b_white,d_photoiscoming.png/LMCode/82731913_03.jpg', 'https://res.cloudinary.com/lmru/image/upload/f_auto,q_auto,w_1200,h_1200,c_pad,b_white,d_photoiscoming.png/LMCode/82731913_i.jpg', 'https://res.cloudinary.com/lmru/image/upload/f_auto,q_auto,w_1200,h_1200,c_pad,b_white,d_photoiscoming.png/LMCode/82731913_i_01.jpg', 'https://res.cloudinary.com/lmru/image/upload/f_auto,q_auto,w_1200,h_1200,c_pad,b_white,d_photoiscoming.png/LMCode/82731913_i_02.jpg']",['2 215'],['₽'],"{'Вес, кг': '16.24', 'Страна производства': 'Россия', 'Ширина (см)': '36.0', 'Высота (см)': '139.3', 'Глубина (см)': '31.7', 'Назначение': 'Спальня', 'Максимальная нагрузка на полку (кг)': '5', 'Количество перемещаемых полок': '0', 'Цвет': 'Белый', 'Марка': 'SPACEO', 'Гарантия (лет)': '2', 'Цветовая палитра': 'Белый', 'Основной материал': 'ЛДСП', 'Покрытие': 'Гладкий', 'Тип древесины': 'ПлитаДСП', 'Тип упаковки': 'Картон', 'Тип продукта': 'Стеллажссекциями', 'Модель продукта': 'Стеллажсекционный', 'Тип монтажа': 'Дляустановки,Подвесной', 'Состав комплекта': 'Стенкабоковая,Стенкагоризонтальная-2,Пакетфурнитуры', 'Крепеж в комплекте': 'Да', 'Внешний материал': 'Финишпленка', 'Вес товара в индивидуальной упаковке (кг)': '16.24', 'Ширина товара в индивидуальной упаковке (см)': '33', 'Высота товара в индивидуальной упаковке (см)': '143.7', 'Глубина товара в индивидуальной упаковке (см)': '7'}",https://leroymerlin.ru/product/stellazh-spaceo-kub-4-sekcii-36x139x31-5-sm-82731913/
61794d7a37de024045317bda,"['\n                ', '\n                    ', 'Описание', '\n                    ', '\n\n                        \n    ', '\n        ', '\n', 'Скачать документы сертификации', '\n', '\n', 'Стеллаж «Куб»', ' на 6 секций — это основной элемент модульной системы хранения. Для максимально эффективного использования внутреннего объема может быть дополнен выдвижными ящиками, коробами, дополнительными полками, дверцами. Стеллаж изготовлен из ЛДСП толщиной 16 мм с гладким покрытием. Цвет — белый. Ширина конструкции — 104,9 см, высота — 70,4 см, глубина — 31,7 см. Каждая полка рассчитана на нагрузку в 5 кг. Страна производства — Россия.', '\n', 'Особенности стеллажа', '\n', '\n', 'Допускается установка на пол или крепление на стену. При желании можно приобрести специальные ножки.', '\n', 'В стенках предусмотрены отверстия для дополнительных полок или крестовых вставок. Неиспользуемые отверстия закрываются мебельными заглушками.', '\n', 'Возможна установка фасадов или дверец из коллекции.', '\n', 'Стеллаж поставляется в разобранном виде, упакован в компактную коробку, удобную при транспортировке.', '\n', 'В комплект входит крепеж для сборки и инструкция. Стеллаж собирается легко и быстро.', '\n', '\n\n    ', '\n\n                    ', '\n\n\n                    \n                    \n\n                    ', '\n                        ', '\n                            ', '\n                                ', '\n                                    ', '\n                                    ', '\n\n                                    ', '\n                                ', '\n\n\n                                ', 'Все товары марки SPACEO', '\n\n                            ', '\n\n                        ', '\n                    ', '\n                ', '\n            ']","['Стеллаж SPACEO KUB 6 секций 70x104x31.5 см, ЛДСП, цвет белый']","['https://res.cloudinary.com/lmru/image/upload/f_auto,q_auto,w_1200,h_1200,c_pad,b_white,d_photoiscoming.png/LMCode/82731914.jpg', 'https://res.cloudinary.com/lmru/image/upload/f_auto,q_auto,w_1200,h_1200,c_pad,b_white,d_photoiscoming.png/LMCode/82731914_01.jpg', 'https://res.cloudinary.com/lmru/image/upload/f_auto,q_auto,w_1200,h_1200,c_pad,b_white,d_photoiscoming.png/LMCode/82731914_02.jpg', 'https://res.cloudinary.com/lmru/image/upload/f_auto,q_auto,w_1200,h_1200,c_pad,b_white,d_photoiscoming.png/LMCode/82731914_03.jpg']",['3 448'],['₽'],"{'Вес, кг': '20.642', 'Страна производства': 'Россия', 'Ширина (см)': '70.4', 'Высота (см)': '104.9', 'Глубина (см)': '31.7', 'Назначение': 'Спальня', 'Максимальная нагрузка на полку (кг)': '5', 'Количество перемещаемых полок': '0', 'Цвет': 'Белый', 'Марка': 'SPACEO', 'Гарантия (лет)': '2', 'Цветовая палитра': 'Белый', 'Основной материал': 'ЛДСП', 'Покрытие': 'Гладкий', 'Тип древесины': 'ПлитаДСП', 'Тип упаковки': 'Картон', 'Тип продукта': 'Стеллажссекциями', 'Модель продукта': 'Стеллажсекционный', 'Тип монтажа': 'Дляустановки,Подвесной', 'Состав комплекта': 'Стенкабоковая,Стенкагоризонтальная-3,Пакетфурнитуры', 'Крепеж в комплекте': 'Да', 'Внешний материал': 'Финишпленка', 'Вес товара в индивидуальной упаковке (кг)': '20.642', 'Ширина товара в индивидуальной упаковке (см)': '33.3', 'Высота товара в индивидуальной упаковке (см)': '109.3', 'Глубина товара в индивидуальной упаковке (см)': '9.8'}",https://leroymerlin.ru/product/stellazh-spaceo-kub-6-sekciy-70x104x31-5-sm-82731914/
61794d7c37de024045317bdb,"['\n                ', '\n                    ', 'Описание', '\n                    ', '\n\n                        \n    ', '\n        ', 'Вешалка настенная — практичный, компактный и недорогой по цене элемент интерьера, предназначенный для экономии пространства в прихожих. Изготовлена модель из металлической трубы, повышающей прочность конструкции, и располагает выразительным внешним видом старинного ремесленного изделия, выполненного из меди. Часто такие подвесные системы используются в частных домах и офиса, потому как быстро крепятся к стене и не требуют много места.\n', 'Преимущества:', '\n', '\n', 'легко устанавливается;', '\n', 'не нуждается в специальных условиях для эксплуатации;', '\n', 'защищает одежду от повреждений;', '\n', 'имеет долгий срок службы.', '\n', '\n\n    ', '\n\n                    ', '\n\n\n                    \n                    \n\n                    \n                ', '\n            ']","['Вешалка настенная Стандарт 5 крючков, 11х26х55 см, цвет медь/чёрный']","['https://res.cloudinary.com/lmru/image/upload/f_auto,q_auto,w_1200,h_1200,c_pad,b_white,d_photoiscoming.png/LMCode/10531235.jpg', 'https://res.cloudinary.com/lmru/image/upload/f_auto,q_auto,w_1200,h_1200,c_pad,b_white,d_photoiscoming.png/LMCode/10531235_01.jpg', 'https://res.cloudinary.com/lmru/image/upload/f_auto,q_auto,w_1200,h_1200,c_pad,b_white,d_photoiscoming.png/LMCode/10531235_02.jpg']",['238'],['₽'],"{'Габариты (ШхВхГ), см': '55.0×26.0×11.0', 'Тип продукта': 'Настеннаявешалка', 'Ширина (см)': '55.0', 'Высота (см)': '26.0', 'Глубина (см)': '11.0', 'Основной материал': 'Металл', 'Цветовая палитра': 'Коричневый', 'Количество крючков': '5', 'Гарантия (лет)': '0', 'Тип упаковки': 'Безупаковки', 'Страна производства': 'Россия', 'Вес товара в индивидуальной упаковке (кг)': '0.405', 'Ширина товара в индивидуальной упаковке (см)': '26.1', 'Высота товара в индивидуальной упаковке (см)': '11.4', 'Глубина товара в индивидуальной упаковке (см)': '56.8', 'Вес, кг': '0.405'}",https://leroymerlin.ru/product/veshalka-nastennaya-standart-5-kryuchkov-10531235/
61794d8437de024045317bdc,"['\n                ', '\n                    ', 'Описание', '\n                    ', '\n\n                        \n    ', '\n        ', 'Шкаф распашной Турин «Гикори джексон»', ' — мебельное изделие, предназначенное для хранения одежды, обуви и белья. Модель отличается надежностью конструкции и большой вместительностью. Шкаф впишется в интерьер комнаты, оформленной в классическом стиле.', '\n', 'Двухстворчатый распашной шкаф шириной 120 см, высотой 212 см и глубиной 60 см. Количество полок — 3 шт. Толщина задней стенки составляет 4 мм. Корпус и двери шкафа выполнены из ламинированных ДСП — долговечного материала, устойчивого к механическим повреждениям. Наружный декоративный слой имитирует натуральную древесину.', '\n', 'Особенности', '\n', '\n', 'Распашные двери шириной 59,6 см обеспечивают удобный доступ к внутреннему пространству.', '\n', 'Штанга для хранения одежды на вешалках входит в комплект.', '\n', 'Наружное покрытие из меламина не выгорает под воздействием ультрафиолета и легко переносит контакт с водой.', '\n', '\n', 'Страна производства — Россия.', '\n\n    ', '\n\n                    ', '\n\n\n                    \n                    \n\n                    \n                ', '\n            ']","['Шкаф распашной Турин 120х212х60 см, ЛДСП, цвет гикори джексон']","['https://res.cloudinary.com/lmru/image/upload/f_auto,q_auto,w_1200,h_1200,c_pad,b_white,d_photoiscoming.png/LMCode/82285499.jpg', 'https://res.cloudinary.com/lmru/image/upload/f_auto,q_auto,w_1200,h_1200,c_pad,b_white,d_photoiscoming.png/LMCode/82285499_02.jpg', 'https://res.cloudinary.com/lmru/image/upload/f_auto,q_auto,w_1200,h_1200,c_pad,b_white,d_photoiscoming.png/LMCode/82285499_03.jpg', 'https://res.cloudinary.com/lmru/image/upload/f_auto,q_auto,w_1200,h_1200,c_pad,b_white,d_photoiscoming.png/LMCode/82285499_04.jpg', 'https://res.cloudinary.com/lmru/image/upload/f_auto,q_auto,w_1200,h_1200,c_pad,b_white,d_photoiscoming.png/LMCode/82285499_05.jpg', 'https://res.cloudinary.com/lmru/image/upload/f_auto,q_auto,w_1200,h_1200,c_pad,b_white,d_photoiscoming.png/LMCode/82285499_06.jpg', 'https://res.cloudinary.com/lmru/image/upload/f_auto,q_auto,w_1200,h_1200,c_pad,b_white,d_photoiscoming.png/LMCode/82285499_07.jpg', 'https://res.cloudinary.com/lmru/image/upload/f_auto,q_auto,w_1200,h_1200,c_pad,b_white,d_photoiscoming.png/LMCode/82285499_i.jpg']",['8 728'],['₽'],"{'Вес, кг': '112.5', 'Страна производства': 'Россия', 'Ширина (см)': '120.0', 'Высота (см)': '212.0', 'Глубина (см)': '60.0', 'Цвет': 'Гикориджексон', 'Цветовая палитра': 'Коричневый', 'Основной материал': 'ЛДСП', 'Модель продукта': 'Шкафраспашной', 'Назначение': 'Гостиная,Спальня,Офис,Гардеробная', 'Материал двери': 'ЛДСП', 'Ширина двери (см)': '59.6', 'Количество полок': '3', 'Гарантия (лет)': '2', 'Покрытие': 'Эффектрельефногодерева', 'Крепления в комплекте': 'Да', 'Внешний материал': 'Древесноволокнистаяплитасреднейплотности', 'Максимальный поддерживаемый вес (в кг)': '80.0', 'Тип упаковки': 'Картон', 'Тип продукта': 'Шкафраспашной', 'Вес товара в индивидуальной упаковке (кг)': '112.5', 'Ширина товара в индивидуальной упаковке (см)': '61', 'Высота товара в индивидуальной упаковке (см)': '21', 'Глубина товара в индивидуальной упаковке (см)': '213'}",https://leroymerlin.ru/product/shkaf-raspashnoy-turin-120h212h60-sm-82285499/
61794d8737de024045317bdd,"['\n                ', '\n                    ', 'Описание', '\n                    ', '\n\n                        \n    ', '\n        ', '\n', 'Скачать документы сертификации', '\n', '\n', 'Стеллаж «Куб»', ' на 12 секций предназначен для организации хранения в спальне, гостиной, детской, домашнем кабинете. Возможны два варианта установки: на пол (при желании можно приобрести ножки) или на стену. При напольной установке стеллаж может использоваться в качестве перегородки для зонирования. Изготовлен из ламинированной ДСП толщиной 16 мм с гладким покрытием. Цвет — белый. Ширина — 104,9 см, высота — 139,3 см, глубина — 31,7 см. Страна производства — Россия.', '\n', 'Особенности стеллажа', '\n', '\n', 'Каждую секцию можно разделить пополам, установив дополнительную полку. Для этого в стенках предусмотрены отверстия.', '\n', 'Для заполнения полок и удобного хранения вещей, одежды, мелких предметов, игрушек можно использовать ящики, корзины и короба подходящего размера и цвета.', '\n', 'Для организации скрытого хранения на отдельные секции можно установить дверцы-фасады.', '\n', 'Если отверстия под дополнительные полки использоваться не будут, их можно легко закрыть стандартными мебельными заглушками или специальными наклейками в тон покрытию.', '\n', 'Крепеж для самостоятельной сборки входит в комплект.', '\n', 'Максимальная нагрузка на каждую полку стеллажа — 5 кг.', '\n', '\n\n    ', '\n\n                    ', '\n\n\n                    \n                    \n\n                    ', '\n                        ', '\n                            ', '\n                                ', '\n                                    ', '\n                                    ', '\n\n                                    ', '\n                                ', '\n\n\n                                ', 'Все товары марки SPACEO', '\n\n                            ', '\n\n                        ', '\n                    ', '\n                ', '\n            ']","['Стеллаж SPACEO KUB 12 секций 105х139х32 см, ЛДСП, цвет белый']","['https://res.cloudinary.com/lmru/image/upload/f_auto,q_auto,w_1200,h_1200,c_pad,b_white,d_photoiscoming.png/LMCode/82731888.jpg', 'https://res.cloudinary.com/lmru/image/upload/f_auto,q_auto,w_1200,h_1200,c_pad,b_white,d_photoiscoming.png/LMCode/82731888_01.jpg', 'https://res.cloudinary.com/lmru/image/upload/f_auto,q_auto,w_1200,h_1200,c_pad,b_white,d_photoiscoming.png/LMCode/82731888_02.jpg', 'https://res.cloudinary.com/lmru/image/upload/f_auto,q_auto,w_1200,h_1200,c_pad,b_white,d_photoiscoming.png/LMCode/82731888_03.jpg', 'https://res.cloudinary.com/lmru/image/upload/f_auto,q_auto,w_1200,h_1200,c_pad,b_white,d_photoiscoming.png/LMCode/82731888_i_01.jpg']",['5 796'],['₽'],"{'Вес, кг': '37.225', 'Страна производства': 'Россия', 'Ширина (см)': '139.0', 'Высота (см)': '105.0', 'Глубина (см)': '32.0', 'Назначение': 'Спальня', 'Максимальная нагрузка на полку (кг)': '5', 'Количество перемещаемых полок': '0', 'Цвет': 'Белый', 'Марка': 'SPACEO', 'Гарантия (лет)': '2', 'Цветовая палитра': 'Белый', 'Основной материал': 'ЛДСП', 'Покрытие': 'Гладкий', 'Тип древесины': 'ПлитаДСП', 'Тип упаковки': 'Картон', 'Тип продукта': 'Стеллажссекциями', 'Модель продукта': 'Стеллажсекционный', 'Тип монтажа': 'Дляустановки,Подвесной', 'Состав комплекта': 'Стенкабоковая,Стенкагоризонтальная-3,Пакетфурнитуры', 'Крепеж в комплекте': 'Да', 'Вес товара в индивидуальной упаковке (кг)': '37.225', 'Ширина товара в индивидуальной упаковке (см)': '33.7', 'Высота товара в индивидуальной упаковке (см)': '144.5', 'Глубина товара в индивидуальной упаковке (см)': '13.5'}",https://leroymerlin.ru/product/stellazh-spaceo-kub-12-sekciy-105h139h32-sm-82731888/
61794d8f37de024045317bde,"['\n                ', '\n                    ', 'Описание', '\n                    ', '\n\n                        \n    ', '\n        ', '\n', 'Скачать документы сертификации', '\n', '\n', 'Стеллаж «Куб»', ' на 6 секций — это основной элемент модульной системы хранения. Для максимально эффективного использования внутреннего объема может быть дополнен выдвижными ящиками, коробами, дополнительными полками, дверцами. Стеллаж изготовлен из ЛДСП толщиной 16 мм с гладким покрытием. Цвет — белый. Ширина конструкции — 104,8 см, высота — 104,9 см, глубина — 31,7 см. Каждая полка рассчитана на нагрузку в 5 кг. Страна производства — Россия.', '\n', 'Особенности стеллажа', '\n', '\n', 'Допускается установка на пол или крепление на стену. При желании можно приобрести специальные ножки.', '\n', 'В стенках предусмотрены отверстия для дополнительных полок или крестовых вставок. Неиспользуемые отверстия закрываются мебельными заглушками.', '\n', 'Возможна установка фасадов или дверец из коллекции.', '\n', 'Стеллаж поставляется в разобранном виде, упакован в компактную коробку, удобную при транспортировке.', '\n', 'В комплект входит крепеж для сборки и инструкция. Стеллаж собирается легко и быстро.', '\n', '\n\n    ', '\n\n                    ', '\n\n\n                    \n                    \n\n                    ', '\n                        ', '\n                            ', '\n                                ', '\n                                    ', '\n                                    ', '\n\n                                    ', '\n                                ', '\n\n\n                                ', 'Все товары марки SPACEO', '\n\n                            ', '\n\n                        ', '\n                    ', '\n                ', '\n            ']","['Стеллаж SPACEO KUB 6 секций 104x104x31.5 см, ЛДСП, цвет белый']","['https://res.cloudinary.com/lmru/image/upload/f_auto,q_auto,w_1200,h_1200,c_pad,b_white,d_photoiscoming.png/LMCode/82731886.jpg', 'https://res.cloudinary.com/lmru/image/upload/f_auto,q_auto,w_1200,h_1200,c_pad,b_white,d_photoiscoming.png/LMCode/82731886_01.jpg', 'https://res.cloudinary.com/lmru/image/upload/f_auto,q_auto,w_1200,h_1200,c_pad,b_white,d_photoiscoming.png/LMCode/82731886_02.jpg', 'https://res.cloudinary.com/lmru/image/upload/f_auto,q_auto,w_1200,h_1200,c_pad,b_white,d_photoiscoming.png/LMCode/82731886_03.jpg', 'https://res.cloudinary.com/lmru/image/upload/f_auto,q_auto,w_1200,h_1200,c_pad,b_white,d_photoiscoming.png/LMCode/82731886_i.jpg', 'https://res.cloudinary.com/lmru/image/upload/f_auto,q_auto,w_1200,h_1200,c_pad,b_white,d_photoiscoming.png/LMCode/82731886_i_01.jpg']",['3 878'],['₽'],"{'Вес, кг': '21.756', 'Страна производства': 'Россия', 'Ширина (см)': '104.8', 'Высота (см)': '104.9', 'Глубина (см)': '31.7', 'Назначение': 'Спальня', 'Максимальная нагрузка на полку (кг)': '5', 'Количество перемещаемых полок': '0', 'Цвет': 'Белый', 'Марка': 'SPACEO', 'Гарантия (лет)': '2', 'Цветовая палитра': 'Белый', 'Основной материал': 'ЛДСП', 'Покрытие': 'Гладкий', 'Тип древесины': 'ПлитаДСП', 'Тип упаковки': 'Картон', 'Тип продукта': 'Стеллажссекциями', 'Модель продукта': 'Стеллажсекционный', 'Тип монтажа': 'Дляустановки,Подвесной', 'Состав комплекта': 'Стенкабоковая-3,Стенкагоризонтальная-5,Пакетфурнитуры', 'Крепеж в комплекте': 'Да', 'Внешний материал': 'Финишпленка', 'Вес товара в индивидуальной упаковке (кг)': '21.756', 'Ширина товара в индивидуальной упаковке (см)': '33.3', 'Высота товара в индивидуальной упаковке (см)': '109.3', 'Глубина товара в индивидуальной упаковке (см)': '9.5'}",https://leroymerlin.ru/product/stellazh-spaceo-kub-6-sekciy-104x104x31-5-sm-82731886/
